编号,名字,别名,世代,种族,属性,装备凹槽,消耗容量,成长,退化,进化,进化条件,Lv.1数值,Lv.99数值,SS,必杀技,继承技
1,水母兽,,幼年期Ⅰ,自由,无,0,2,速度,[],"['指爪兽', '柏古兽', '阿卡迪兽幼年期']","('等级：', 'HP：', 'SP：', 'ATK：', 'DEF：', 'INT：', 'SPD：', '友情：', '才能：', '')","('HP：150', 'SP：24', 'ATK：30', 'INT：19', 'DEF：20', 'SPD：32')","('HP：1030', 'SP：131', 'ATK：128', 'INT：117', 'DEF：118', 'SPD：159')","('天真无邪的眼眸', 'ACU和EVA提升1%')","[('炫光之眼', '对敌方单体发动暗属性威力30的魔法攻击。')]",[]
2,泡沫兽,泡泡兽,幼年期Ⅰ,自由,无,0,2,HP,[],"['年糕兽', '比高兽', '种子兽']","('等级：', 'HP：', 'SP：', 'ATK：', 'DEF：', 'INT：', 'SPD：', '友情：', '才能：', '')","('HP：320', 'SP：18', 'ATK：23', 'INT：20', 'DEF：23', 'SPD：24')","('HP：1590', 'SP：106', 'ATK：130', 'INT：118', 'DEF：130', 'SPD：112')","('天真无邪的眼眸', 'ACU和EVA提升1%')","[('黏性之泡', '对敌方单体发动木属性威力25的魔法攻击，10%机率使对方减少10%的SPD。')]",[]
3,普尼兽,布尼兽,幼年期Ⅰ,自由,无,0,2,攻击,[],"['猫猫兽', '独角兽']","('等级：', 'HP：', 'SP：', 'ATK：', 'DEF：', 'INT：', 'SPD：', '友情：', '才能：', '')","('HP：290', 'SP：11', 'ATK：34', 'INT：11', 'DEF：29', 'SPD：26')","('HP：1460', 'SP：89', 'ATK：161', 'INT：89', 'DEF：146', 'SPD：124')","('天真无邪的眼眸', 'ACU和EVA提升1%')","[('酸之泡', '对敌方单体发动水属性威力30的魔法攻击。')]",[]
4,黑球兽,,幼年期Ⅰ,自由,无,0,2,防御,[],"['滚球兽', '汪喵兽']","('等级：', 'HP：', 'SP：', 'ATK：', 'DEF：', 'INT：', 'SPD：', '友情：', '才能：', '')","('HP：200', 'SP：19', 'ATK：24', 'INT：23', 'DEF：32', 'SPD：22')","('HP：1180', 'SP：117', 'ATK：131', 'INT：130', 'DEF：159', 'SPD：100')","('天真无邪的眼眸', 'ACU和EVA提升1%')","[('酸之泡', '对敌方单体发动水属性威力30的魔法攻击。')]",[]
5,浮游兽,,幼年期Ⅰ,自由,无,0,2,智力,[],"['布加兽', '迪哥兽']","('等级：', 'HP：', 'SP：', 'ATK：', 'DEF：', 'INT：', 'SPD：', '友情：', '才能：', '')","('HP：150', 'SP：35', 'ATK：15', 'INT：32', 'DEF：15', 'SPD：28')","('HP：930', 'SP：162', 'ATK：93', 'INT：159', 'DEF：103', 'SPD：145')","('天真无邪的眼眸', 'ACU和EVA提升1%')","[('极酸之泡', '对敌方单体发动水属性威力35的魔法攻击。')]",[]
6,阿卡迪兽幼年期,,幼年期Ⅱ,自由,暗,0,3,智力,['水母兽'],['阿卡迪兽成长期'],"('等级：8', 'HP：', 'SP：', 'ATK：55', 'DEF：', 'INT：', 'SPD：', '友情：', '才能：5', '骇客追忆通关')","('HP：330', 'SP：22', 'ATK：47', 'INT：18', 'DEF：15', 'SPD：35')","('HP：1110', 'SP：149', 'ATK：125', 'INT：145', 'DEF：103', 'SPD：152')","('理想乡', '降低受到即死效果的机率50%，提升CRT发生率10%。')","[('数据消耗', '对敌方单体发动暗属性威力35的物理攻击，吸取30%的HP。')]",['Lv5.物理耗竭']
7,滚球兽,,幼年期Ⅱ,自由,火,0,3,攻击,['黑球兽'],"['亚古兽', '基尔兽', '积木亚古兽', '天龙兽', '哈克兽', '高吼兽']","('等级：3', 'HP：', 'SP：', 'ATK：15', 'DEF：', 'INT：', 'SPD：', '友情：', '才能：', '')","('HP：360', 'SP：13', 'ATK：46', 'INT：13', 'DEF：35', 'SPD：27')","('HP：1530', 'SP：91', 'ATK：173', 'INT：91', 'DEF：152', 'SPD：125')","('天真无邪的眼眸', 'ACU和EVA提升1%')","[('泡沫', '对敌方单体发动水属性威力30的魔法攻击。')]",['Lv5.云雾汽油弹Ⅰ']
8,种子兽,,幼年期Ⅱ,自由,木,0,3,HP,['泡沫兽'],"['巴鲁兽', '幻蜂兽', '拉拉兽', '妖狐兽']","('等级：5', 'HP：', 'SP：', 'ATK：', 'DEF：', 'INT：', 'SPD：', '友情：', '才能：', '')","('HP：400', 'SP：20', 'ATK：32', 'INT：24', 'DEF：29', 'SPD：25')","('HP：1670', 'SP：108', 'ATK：139', 'INT：122', 'DEF：136', 'SPD：113')","('天真无邪的眼眸', 'ACU和EVA提升1%')","[('黏性之泡', '对敌方单体发动木属性威力25的魔法攻击，10%机率使对方减少10%的SPD。')]",['Lv5.盖亚元素Ⅰ']
9,独角兽,犄角兽,幼年期Ⅱ,自由,土,0,3,攻击,['普尼兽'],"['加布兽', '加布兽（黑）', '野人兽', '兹巴兽', 'V仔兽', '单角龙兽']","('等级：5', 'HP：', 'SP：', 'ATK：', 'DEF：', 'INT：', 'SPD：', '友情：', '才能：', '')","('HP：350', 'SP：15', 'ATK：44', 'INT：15', 'DEF：34', 'SPD：27')","('HP：1520', 'SP：93', 'ATK：171', 'INT：93', 'DEF：151', 'SPD：125')","('天真无邪的眼眸', 'ACU和EVA提升1%')","[('泡泡', '对敌方单体发动威力30的水属性魔法攻击。')]",['Lv5.彗星重锤Ⅰ']
10,指爪兽,妖爪兽,幼年期Ⅱ,自由,暗,0,3,速攻,['水母兽'],"['亚古兽（黑）', '哈哈兽', '德古兽', '小恶魔兽']","('等级：5', 'HP：', 'SP：', 'ATK：', 'DEF：', 'INT：', 'SPD：', '友情：', '才能：', '')","('HP：350', 'SP：20', 'ATK：45', 'INT：15', 'DEF：20', 'SPD：35')","('HP：1520', 'SP：108', 'ATK：172', 'INT：93', 'DEF：108', 'SPD：152')","('天真无邪的眼眸', 'ACU和EVA提升1%')","[('钉之刻痕', '对敌方单体发动暗属性威力40的物理攻击。')]",['Lv5.破坏加农Ⅰ']
11,迪哥兽,,幼年期Ⅱ,自由,无,0,3,速度,['浮游兽'],"['巴达兽', '夜鹰兽', '麻鹰兽', '光明兽', '修女兽雪白']","('等级：5', 'HP：', 'SP：', 'ATK：', 'DEF：', 'INT：', 'SPD：', '友情：', '才能：', '')","('HP：200', 'SP：33', 'ATK：25', 'INT：25', 'DEF：25', 'SPD：40')","('HP：1080', 'SP：140', 'ATK：125', 'INT：123', 'DEF：123', 'SPD：167')","('天真无邪的眼眸', 'ACU和EVA提升1%')","[('反噬', '对敌方单体发动无属性威力40的物理攻击。')]",['Lv5.重度强袭Ⅰ']
12,猫猫兽,喵喵兽,幼年期Ⅱ,自由,光,0,3,智力,['普尼兽'],"['穿山兽', '大耳兽', '小狗兽', '露娜兽']","('等级：3', 'HP：', 'SP：', 'ATK：', 'DEF：', 'INT：10', 'SPD：', '友情：', '才能：', '')","('HP：150', 'SP：44', 'ATK：15', 'INT：40', 'DEF：20', 'SPD：36')","('HP：930', 'SP：171', 'ATK：93', 'INT：167', 'DEF：108', 'SPD：153')","('天真无邪的眼眸', 'ACU和EVA提升1%')","[('妖狐之尾', '对敌方单体发动光属性威力35的物理攻击。')]",['Lv5.神圣钩爪Ⅰ']
13,柏古兽,,幼年期Ⅱ,自由,暗,0,3,智力,['水母兽'],"['加支兽', '小妖兽', '黑大耳兽', '芝蒙兽']","('等级：5', 'HP：', 'SP：', 'ATK：', 'DEF：', 'INT：', 'SPD：', '友情：', '才能：', '')","('HP：160', 'SP：40', 'ATK：21', 'INT：39', 'DEF：19', 'SPD：35')","('HP：940', 'SP：167', 'ATK：99', 'INT：166', 'DEF：107', 'SPD：152')","('天真无邪的眼眸', 'ACU和EVA提升1%')","[('毒之泡', '对敌方单体发动暗属性威力25的魔法攻击，使对方10%的机率中剧毒。')]",['Lv.梦魇Ⅰ']
14,比高兽,,幼年期Ⅱ,自由,木,0,3,HP,['泡沫兽'],"['艾力兽', '比丘兽', '蘑菇兽', '虫虫兽']","('等级：3', 'HP：50', 'SP：', 'ATK：', 'DEF：', 'INT：', 'SPD：', '友情：', '才能：', '')","('HP：410', 'SP：20', 'ATK：29', 'INT：26', 'DEF：29', 'SPD：25')","('HP：1680', 'SP：108', 'ATK：136', 'INT：124', 'DEF：136', 'SPD：113')","('天真无邪的眼眸', 'ACU和EVA提升1%')","[('肥皂之花', '对敌方单体发动水属性威力30的魔法攻击。')]",['Lv.新月之叶Ⅰ']
15,布加兽,,幼年期Ⅱ,自由,水,0,3,魔防,['浮游兽'],"['比特兽', '哥玛兽', '蝌蚪兽', '虾蛄兽']","('等级：3', 'HP：', 'SP：', 'ATK：', 'DEF：', 'INT：15', 'SPD：', '友情：', '才能：', '')","('HP：300', 'SP：35', 'ATK：15', 'INT：40', 'DEF：25', 'SPD：25')","('HP：1370', 'SP：152', 'ATK：93', 'INT：167', 'DEF：123', 'SPD：113')","('天真无邪的眼眸', 'ACU和EVA提升1%')","[('空气之泡', '对敌方单体发动水属性威力30的魔法攻击。')]",['Lv.发电水流Ⅰ']
16,年糕兽,,幼年期Ⅱ,自由,无,0,3,HP,['泡沫兽'],"['矿石兽', '齿轮兽', '甲虫兽', '太阳兽']","('等级：3', 'HP：', 'SP：', 'ATK：', 'DEF：15', 'INT：', 'SPD：', '友情：', '才能：', '')","('HP：400', 'SP：19', 'ATK：29', 'INT：29', 'DEF：28', 'SPD：25')","('HP：1670', 'SP：107', 'ATK：136', 'INT：127', 'DEF：135', 'SPD：113')","('天真无邪的眼眸', 'ACU和EVA提升1%')","[('伸缩自如的泡泡', '对敌方单体发动水属性威力30的魔法攻击。')]",['Lv.力量能源Ⅰ']
17,汪喵兽,,幼年期Ⅱ,自由,风,0,3,万能,['黑球兽'],"['多路兽', '迦奥兽', '管狐兽', '龙蛇兽']","('等级：5', 'HP：', 'SP：', 'ATK：', 'DEF：', 'INT：', 'SPD：', '友情：', '才能：', '')","('HP：300', 'SP：29', 'ATK：30', 'INT：26', 'DEF：26', 'SPD：29')","('HP：1370', 'SP：136', 'ATK：128', 'INT：124', 'DEF：124', 'SPD：136')","('天真无邪的眼眸', 'ACU和EVA提升1%')","[('微笑獠牙', '对敌方单体发动无属性威力40的物理攻击。')]",['Lv.烈风利爪Ⅰ']
18,亚古兽,,成长期,疫苗,火,1,5,攻击,['滚球兽'],"['暴龙兽', '大地暴龙兽', '巨龙兽', '大便兽', '火焰兽', '火神兽']","('等级：9', 'HP：', 'SP：', 'ATK：30', 'DEF：', 'INT：', 'SPD：', '友情：10%', '才能：', '')","('HP：450', 'SP：20', 'ATK：68', 'INT：15', 'DEF：45', 'SPD：37')","('HP：1620', 'SP：98', 'ATK：195', 'INT：93', 'DEF：162', 'SPD：135')","('龙之怒吼', '火属性技能造成的伤害增加15%。')","[('小型火焰', '对敌方单体发动威力70的火属性物理攻击。')]","['Lv.重度强袭Ⅰ', 'Lv.攻击填充']"
19,亚古兽（黑）,,成长期,病毒,火,1,5,攻击,['指爪兽'],"['古拉兽', '暴龙兽蓝', '独眼龙兽', '坦克兽', '巨龙兽', '角龙兽']","('等级：8', 'HP：', 'SP：', 'ATK：30', 'DEF：', 'INT：', 'SPD：', '友情：', '才能：', '')","('HP：440', 'SP：17', 'ATK：61', 'INT：17', 'DEF：50', 'SPD：36')","('HP：1610', 'SP：95', 'ATK：188', 'INT：95', 'DEF：167', 'SPD：134')","('龙之愤怒', 'ATK提升15%。')","[('喷火', '对敌方全体发动威力35的火属性物理攻击，并有10%的机率使自己的ATK提升10%。')]","['Lv6.云雾汽油弹Ⅰ', 'Lv12.守备填充']"
20,阿卡迪兽成长期,,成长期,病毒,暗,1,5,万能,['阿卡迪兽幼年期'],"['阿卡迪兽成熟期', '魔蛹兽', '狮子兽']","('等级：', 'HP：', 'SP：', 'ATK：', 'DEF：', 'INT：', 'SPD：', '友情：', '才能：', '骇客追忆通关')","('HP：420', 'SP：33', 'ATK：56', 'INT：36', 'DEF：30', 'SPD：33')","('HP：1490', 'SP：140', 'ATK：154', 'INT：134', 'DEF：128', 'SPD：140')","('理想乡', '降低受到即死效果的机率50%，提升CRT发生率10%。')","[('灵魂吸取', '对敌方单体发动暗属性威力70的物理攻击，吸取30%的HP。')]","['Lv6.加速增幅器', 'Lv12.破坏加农Ⅰ']"
21,穿山兽,犰狳兽,成长期,自由,土,1,4,铁壁,['猫猫兽'],"['战甲兽', '庸俗兽', '黄金鼻涕兽', '岩石兽', '独眼龙兽', '坦克兽']","('等级：7', 'HP：75', 'SP：', 'ATK：', 'DEF：20', 'INT：', 'SPD：', '友情：10', '才能：', '')","('HP：530', 'SP：32', 'ATK：23', 'INT：21', 'DEF：48', 'SPD：33')","('HP：1800', 'SP：139', 'ATK：111', 'INT：109', 'DEF：175', 'SPD：111')","('铁壁的守护', 'DEF提升15%。')","[('滚动攻击', '对敌方单体发动威力60的土属性物理攻击，并有10%的机率使自己的DEF提升10%。')]","['Lv.雄伟巨石Ⅰ', 'Lv.晕眩冲击']"
22,小妖兽,,成长期,病毒,暗,1,5,智力,['柏古兽'],"['猛鬼兽', '奥加兽', '冰巫师兽', '黑迪路兽', '巫师兽', '冰恶魔兽']","('等级：7', 'HP：', 'SP：20', 'ATK：', 'DEF：', 'INT：30', 'SPD：', '友情：', '才能：', '')","('HP：140', 'SP：51', 'ATK：44', 'INT：51', 'DEF：21', 'SPD：44')","('HP：920', 'SP：178', 'ATK：122', 'INT：178', 'DEF：109', 'SPD：161')","('巧妙的智慧', 'INT提升15%。')","[('召唤', '给予敌方单体100的固定伤害，并提升自己的INT10%。')]","['Lv.梦魇Ⅰ', 'Lv.偶像泡沫']"
23,艾力兽,,成长期,资料,雷,1,4,万能,['比高兽'],"['加鲁鲁兽', '狮子兽', '亚伯兽', '大便兽', '黑加鲁鲁兽', '庸俗兽']","('等级：7', 'HP：75', 'SP：20', 'ATK：', 'DEF：', 'INT：', 'SPD：20', '友情：', '才能：', '')","('HP：400', 'SP：40', 'ATK：33', 'INT：30', 'DEF：30', 'SPD：37')","('HP：1470', 'SP：147', 'ATK：131', 'INT：128', 'DEF：128', 'SPD：144')","('钢铁帝国', '雷属性技能造成的伤害增加15%。')","[('闪光电击', '对敌方单体发动2次威力30的雷属性魔法攻击。')]","['Lv.天国闪电Ⅰ', 'Lv.麻痹电网']"
24,蝌蚪兽,,成长期,病毒,水,1,4,魔防,['布加兽'],"['贝壳鼻涕兽', '怪蛙兽', '海龙兽', '希拉兽', '鼻涕兽', '烂泥兽']","('等级：7', 'HP：', 'SP：', 'ATK：', 'DEF：', 'INT：20', 'SPD：', '友情：', '才能：', '')","('HP：400', 'SP：47', 'ATK：13', 'INT：50', 'DEF：26', 'SPD：34')","('HP：1470', 'SP：164', 'ATK：91', 'INT：177', 'DEF：124', 'SPD：122')","('深海的睡眠', '并有10%的机率使对方睡眠。')","[('睡之泡', '对敌方单体发动威力55的水属性魔法攻击。')]","['Lv.发电水流Ⅰ', 'Lv.反睡眠']"
25,迦奥兽,加奥兽,成长期,资料,无,1,5,速攻,['汪喵兽'],"['奥加兽', '迦奥迦兽', '加鲁哥兽', '血狼兽', '仙人掌兽', '狮子兽']","('等级：9', 'HP：', 'SP：', 'ATK：20', 'DEF：', 'INT：', 'SPD：20', '友情：10', '才能：', '')","('HP：450', 'SP：25', 'ATK：55', 'INT：27', 'DEF：30', 'SPD：43')","('HP：1620', 'SP：113', 'ATK：182', 'INT：105', 'DEF：118', 'SPD：160')","('假动作', '闪避率提升7%')","[('双重反击', '对敌方全体发动2次威力20的无属性物理攻击。')]","['Lv.反眩晕', 'Lv.敏捷填充']"
26,加支兽,,成长期,病毒,暗,1,4,速攻,['柏古兽'],"['多路加兽', '迦奥迦兽', '狮子兽', '魔蛹兽', '亚伯兽', '黑加鲁鲁兽']","('等级：9', 'HP：', 'SP：', 'ATK：15', 'DEF：', 'INT：', 'SPD：20', '友情：', '才能：', '')","('HP：390', 'SP：27', 'ATK：60', 'INT：20', 'DEF：20', 'SPD：44')","('HP：1560', 'SP：115', 'ATK：187', 'INT：98', 'DEF：108', 'SPD：161')","('噩梦军团', '暗属性技能造成的伤害增加15%。')","[('麻痹毒气', '对敌方单体发动威力65的雷属性物理攻击。并有15%的机率使对方麻痹。')]","['Lv.破坏加农Ⅰ', 'Lv.混乱鬼火']"
27,加布兽,,成长期,资料,火,1,5,万能,['独角兽'],"['加鲁鲁兽', '多路加兽', '鼻涕兽', 'V龙兽', '雪人兽', '野狼兽']","('等级：7', 'HP：75', 'SP：', 'ATK：20', 'DEF：', 'INT：', 'SPD：20', '友情：', '才能：', '')","('HP：450', 'SP：35', 'ATK：45', 'INT：30', 'DEF：32', 'SPD：38')","('HP：1520', 'SP：142', 'ATK：143', 'INT：128', 'DEF：130', 'SPD：145')","('野性的鼓动', 'SPD提升15%。')","[('爆炎火焰弹', '对敌方单体发动威力65的火属性物理攻击，并有10%的机率使对方的DEF降低10%。')]","['Lv.爆裂火焰Ⅰ', 'Lv.反晕眩']"
28,加布兽（黑）,,成长期,病毒,火,1,5,万能,['独角兽'],"['黑加鲁鲁兽', '鼻屎兽', '雪人兽', '烂泥兽', '镰鼬兽']","('等级：6', 'HP：80', 'SP：', 'ATK：30', 'DEF：', 'INT：', 'SPD：', '友情：', '才能：', '')","('HP：420', 'SP：30', 'ATK：50', 'INT：25', 'DEF：40', 'SPD：38')","('HP：1490', 'SP：137', 'ATK：148', 'INT：123', 'DEF：138', 'SPD：145')","('威吓', '发动攻击时，有10%的机率使对方眩晕。')","[('幼角', '对敌方单体发动威力70的无属性物理攻击，并有10%的机率使对方的DEF降低10%。')]","['Lv.雄伟巨石Ⅰ', 'Lv.反混乱']"
29,基尔兽,,成长期,病毒,火,1,5,速攻,['滚球兽'],"['古拉兽', '暴龙兽蓝', '大地暴龙兽', '巨龙兽', '火焰兽', '火神兽']","('等级：7', 'HP：', 'SP：', 'ATK：30', 'DEF：', 'INT：', 'SPD：20', '友情：', '才能：', '')","('HP：470', 'SP：25', 'ATK：70', 'INT：15', 'DEF：30', 'SPD：43')","('HP：1640', 'SP：113', 'ATK：197', 'INT：93', 'DEF：118', 'SPD：160')","('万能', 'ATK、DEF、INT、SPD提升5%。')","[('破岩击', '对敌方单体发动威力70的土属性物理攻击。')]","['Lv.云雾汽油弹Ⅰ', 'Lv.攻击填充']"
30,管狐兽,,成长期,疫苗,光,1,5,智力,['汪喵兽'],"['天使兽', '黄金鼻涕兽', '锐啄兽', '镰鼬兽', '野狼兽']","('等级：8', 'HP：', 'SP：20', 'ATK：', 'DEF：', 'INT：20', 'SPD：', '友情：', '才能：', '')","('HP：200', 'SP：65', 'ATK：14', 'INT：54', 'DEF：30', 'SPD：47')","('HP：980', 'SP：192', 'ATK：92', 'INT：181', 'DEF：118', 'SPD：164')","('神秘的守护', '陷入异常状态的机率降低50%。')","[('绝光冲', '对敌方单体发动威力65的光属性魔法攻击。')]","['Lv.神圣钩爪Ⅰ', 'Lv.神圣之光Ⅰ']"
31,哈哈兽,,成长期,自由,暗,1,5,速攻,['指爪兽'],"['巫师兽', '魔蛹兽', '猛鬼兽', '白金大便兽', '阿卡迪兽成熟期']","('等级：9', 'HP：', 'SP：', 'ATK：20', 'DEF：', 'INT：', 'SPD：20', '友情：', '才能：', '')","('HP：450', 'SP：30', 'ATK：60', 'INT：22', 'DEF：25', 'SPD：43')","('HP：1620', 'SP：118', 'ATK：187', 'INT：100', 'DEF：113', 'SPD：160')","('破坏神', '发动攻击时，有10%的机率使对方立即死亡。')","[('疯狂大笑', '对敌方单体发动威力75的暗属性物理攻击。')]","['Lv.破坏加农Ⅰ', 'Lv.守备破坏']"
32,矿石兽,,成长期,资料,土,1,5,防御,['年糕兽'],"['冰石兽', '战甲兽', '时钟兽', '岩石兽', '星星兽', '坦克兽']","('等级：8', 'HP：', 'SP：', 'ATK：', 'DEF：30', 'INT：', 'SPD：', '友情：', '才能：', '')","('HP：300', 'SP：30', 'ATK：40', 'INT：37', 'DEF：55', 'SPD：33')","('HP：1280', 'SP：128', 'ATK：147', 'INT：144', 'DEF：182', 'SPD：111')","('动物竞技场', '土属性技能造成的伤害增加15%。')","[('愤怒岩石', '对敌方单体发动威力65的土属性物理攻击，并有10%的机率使自己的DEF提升10%。')]","['Lv.守备填充', 'Lv.彗星重锤Ⅰ']"
33,野人兽,哥布林兽,成长期,病毒,土,1,4,攻击,['独角兽'],"['奥加兽', '迦奥迦兽', '古拉兽', '暴龙兽蓝', '核龙兽绿', '亚伯兽']","('等级：7', 'HP：', 'SP：', 'ATK：40', 'DEF：', 'INT：', 'SPD：', '友情：', '才能：', '')","('HP：470', 'SP：12', 'ATK：52', 'INT：12', 'DEF：52', 'SPD：35')","('HP：1640', 'SP：90', 'ATK：179', 'INT：90', 'DEF：169', 'SPD：133')","('蓄力的一击', 'CRT提升15%。')","[('野人火焰弹', '对敌方单体发动威力65的火属性物理攻击。并有10%的机率使对方眩晕。')]","['Lv.彗星重锤Ⅰ', 'Lv.眩晕冲击']"
34,哥玛兽,,成长期,疫苗,水,1,5,HP,['布加兽'],"['冰石兽', '战甲兽', '海狮兽', '强袭龙兽', '冰巫师兽', '雪人兽']","('等级：8', 'HP：100', 'SP：', 'ATK：', 'DEF：', 'INT：', 'SPD：', '友情：10', '才能：', '')","('HP：530', 'SP：25', 'ATK：40', 'INT：32', 'DEF：40', 'SPD：35')","('HP：1800', 'SP：113', 'ATK：147', 'INT：130', 'DEF：147', 'SPD：123')","('深海救星', '水属性技能造成的伤害增加15%。')","[('鱼群大暴走', '对敌方全体发动1~3次威力15的水属性物理攻击。')]","['Lv.偶像泡沫', 'Lv.反混乱']"
35,虾蛄兽,砗磲兽,成长期,病毒,水,1,4,魔防,['布加兽'],"['海狮兽', '贝壳鼻涕兽', '怪蛙兽', '海龙兽', '希拉兽']","('等级：7', 'HP：', 'SP：', 'ATK：', 'DEF：15', 'INT：20', 'SPD：', '友情：', '才能：', '')","('HP：340', 'SP：42', 'ATK：14', 'INT：49', 'DEF：37', 'SPD：34')","('HP：1410', 'SP：159', 'ATK：92', 'INT：176', 'DEF：135', 'SPD：122')","('深海救星', '水属性技能造成的伤害增加15%。')","[('黑珍珠', '对敌方全体发动威力25的水属性魔法攻击。')]","['Lv.寒冰之箭Ⅰ', 'Lv.反睡眠']"
36,兹巴兽,,成长期,疫苗,无,1,5,攻击,['独角兽'],"['兹巴伊戈兽', '巴欧哈克兽', '黄金鼻涕兽', '银龙兽']","('等级：10', 'HP：', 'SP：', 'ATK：20', 'DEF：', 'INT：', 'SPD：20', '友情：', '才能：', '')","('HP：430', 'SP：18', 'ATK：63', 'INT：15', 'DEF：53', 'SPD：38')","('HP：1600', 'SP：96', 'ATK：190', 'INT：93', 'DEF：170', 'SPD：136')","('Legend-Arms', '增加光·暗属性技能所给予的伤害10%。')","[('二十连俯冲', '对敌方单体发动无属性威力75的物理攻击。')]","['Lv.重度强袭Ⅰ', 'Lv.攻击填充']"
37,太阳兽,日轮兽,成长期,疫苗,光,1,4,铁壁,['年糕兽'],"['守卫兽（金）', '时钟兽', '庸俗兽', '岩石兽', '星星兽', '火焰兽']","('等级：6', 'HP：75', 'SP：', 'ATK：', 'DEF：25', 'INT：', 'SPD：', '友情：', '才能：', '')","('HP：400', 'SP：35', 'ATK：25', 'INT：27', 'DEF：45', 'SPD：38')","('HP：1670', 'SP：142', 'ATK：113', 'INT：115', 'DEF：172', 'SPD：116')","('全天作战机器', '不会陷入睡眠状态。')","[('闪光环', '对敌方单体发动威力70的光属性物理攻击，必定命中。')]","['Lv.神圣之光Ⅰ', 'Lv.闪耀雷射Ⅰ']"
38,芝蒙兽,吱吱兽,成长期,病毒,土,1,4,速度,['柏古兽'],"['大便兽', '亚伯兽', '黑迪路兽', '烂泥兽']","('等级：6', 'HP：', 'SP：', 'ATK：', 'DEF：', 'INT：', 'SPD：30', '友情：', '才能：', '')","('HP：260', 'SP：38', 'ATK：38', 'INT：36', 'DEF：24', 'SPD：48')","('HP：1140', 'SP：145', 'ATK：135', 'INT：134', 'DEF：122', 'SPD：175')","('走为上策', '有逃脱的机会的战斗，绝对能逃脱成功。')","[('乳酪爆弹', '对敌方单体发动火属性威力70的物理攻击。')]","['Lv.重度强袭Ⅰ', 'Lv.疾速逃脱']"
39,大耳兽,梗犬兽,成长期,疫苗,风,1,4,速度,['猫猫兽'],"['海狮兽', '加鲁哥兽', '迪路兽', '独角马兽', '拉比兽（盔甲）']","('等级：8', 'HP：', 'SP：', 'ATK：', 'DEF：', 'INT：', 'SPD：30', '友情：10', '才能：', '')","('HP：250', 'SP：40', 'ATK：35', 'INT：35', 'DEF：26', 'SPD：49')","('HP：1130', 'SP：147', 'ATK：133', 'INT：133', 'DEF：124', 'SPD：176')","('百发百中', 'ACU提升15%、')","[('小型龙卷风', '对敌方全体发动威力20的风属性魔法攻击。')]","['Lv.治愈', 'Lv.速度填充']"
40,甲虫兽,,成长期,疫苗,木,1,4,防御,['年糕兽'],"['比多兽', '雀蜂兽', '古加兽', '飞虫兽', '向日葵兽']","('等级：9', 'HP：', 'SP：', 'ATK：', 'DEF：20', 'INT：', 'SPD：', '友情：10%', '才能：', '')","('HP：260', 'SP：30', 'ATK：33', 'INT：40', 'DEF：47', 'SPD：34')","('HP：1240', 'SP：128', 'ATK：140', 'INT：147', 'DEF：174', 'SPD：112')","('麻痹如水流', '不会陷入麻痹状态。')","[('小型闪电', '对敌方单体发动威力60的雷属性魔法攻击。')]","['Lv.奈米机械破坏Ⅰ', 'Lv.麻痹电网']"
41,积木亚古兽,玩具亚古兽,成长期,疫苗,无,1,4,铁壁,['滚球兽'],"['守卫兽', '守卫兽（金）', '暴龙兽', '时钟兽', '大便兽', '星星兽']","('等级：8', 'HP：75', 'SP：', 'ATK：', 'DEF：20', 'INT：', 'SPD：', '友情：', '才能：', '')","('HP：480', 'SP：34', 'ATK：28', 'INT：19', 'DEF：49', 'SPD：32')","('HP：1750', 'SP：141', 'ATK：116', 'INT：107', 'DEF：176', 'SPD：110')","('铁壁的守护', 'DEF提升15%。')","[('玩具火焰弹', '对敌方单体发动威力60的火属性物理攻击，并有10%的机率使对方的INT降低10%。')]","['Lv.力量能源Ⅰ', 'Lv.爆裂火焰Ⅰ']"
42,德古兽,德库拉兽,成长期,病毒,暗,1,5,防御,['指爪兽'],"['血狼兽', '恶魔兽', '烂泥兽', '修女兽天蓝', '阿卡迪兽成熟期']","('等级：8', 'HP：', 'SP：', 'ATK：30', 'DEF：', 'INT：', 'SPD：20', '友情：', '才能：', '')","('HP：380', 'SP：32', 'ATK：55', 'INT：30', 'DEF：25', 'SPD：45')","('HP：1360', 'SP：130', 'ATK：162', 'INT：137', 'DEF：152', 'SPD：123')","('吸血鬼', '增加依照HP吸取效果的回复量25%.')","[('恶梦之眼', '对敌方单体发动暗属性威力50的魔法攻击，吸取10%的HP，使对方混乱。')]","['Lv.破坏加农Ⅰ', 'Lv.死亡召唤']"
43,天龙兽,龙仔兽,成长期,资料,火,1,5,攻击,['滚球兽'],"['核龙兽蓝', '核龙兽绿', 'V龙兽', '银龙兽']","('等级：6', 'HP：', 'SP：', 'ATK：50', 'DEF：20', 'INT：', 'SPD：', '友情：10%', '才能：', '')","('HP：400', 'SP：30', 'ATK：69', 'INT：10', 'DEF：31', 'SPD：50')","('HP：1570', 'SP：108', 'ATK：196', 'INT：88', 'DEF：148', 'SPD：148')","('逆鳞', '被攻击时，5%的机率上升ATK50%DEF减少50%.')","[('幼龙吐息', '对敌方单体发动火属性威力75的物理攻击。')]","['Lv.云雾汽油弹Ⅰ', 'Lv.重度强袭Ⅰ']"
44,多路兽,,成长期,资料,无,1,5,速攻,['汪喵兽'],"['守卫兽', '独眼龙兽', '多路加兽', '猛禽龙兽', '雀蜂兽']","('等级：8', 'HP：', 'SP：', 'ATK：20', 'DEF：', 'INT：', 'SPD：30', '友情：', '才能：', '')","('HP：440', 'SP：21', 'ATK：65', 'INT：17', 'DEF：35', 'SPD：43')","('HP：1610', 'SP：109', 'ATK：192', 'INT：95', 'DEF：123', 'SPD：160')","('蓄力的一击', 'CRT提升15%。')","[('金属加农', '对敌方单体发动威力70的无属性物理攻击，并有30%的机率使自己的DEF提升10%。')]","['Lv.云雾汽油弹Ⅰ', 'Lv.爆裂填充']"
45,齿轮兽,,成长期,病毒,雷,1,4,铁壁,['年糕兽'],"['时钟兽', '黄金鼻涕兽', '守卫兽', '星星兽', '白金大便兽']","('等级：7', 'HP：75', 'SP：', 'ATK：', 'DEF：30', 'INT：', 'SPD：', '友情：', '才能：', '')","('HP：460', 'SP：38', 'ATK：22', 'INT：25', 'DEF：47', 'SPD：32')","('HP：1730', 'SP：145', 'ATK：110', 'INT：113', 'DEF：174', 'SPD：110')","('钢铁帝国', '雷属性技能造成的伤害增加15%。')","[('黑暗齿轮', '对敌方单体发动威力70的暗属性物理攻击，必定命中。')]","['Lv.奈米机械破坏Ⅰ', 'Lv.天国闪电Ⅰ']"
46,巴达兽,,成长期,资料,风,1,4,万能,['迪哥兽'],"['V仔兽EX', '天使兽', '迪路兽', '巴多拉兽', '独角马兽', '镰鼬兽']","('等级：7', 'HP：', 'SP：', 'ATK：', 'DEF：', 'INT：20', 'SPD：20', '友情：10', '才能：', '')","('HP：350', 'SP：40', 'ATK：30', 'INT：43', 'DEF：25', 'SPD：37')","('HP：1420', 'SP：147', 'ATK：128', 'INT：141', 'DEF：123', 'SPD：144')","('正义基因', '光属性技能造成的伤害增加15%。')","[('空气炮', '对敌方单体发动威力50的风属性魔法攻击，并有10%的机率使自己的SPD提升10%。')]","['Lv.音速空洞Ⅰ', 'Lv.智能填充']"
47,哈克兽,,成长期,资料,火,1,5,攻击,['滚球兽'],"['暴龙兽', '大地暴龙兽', '兹巴伊戈兽', '巴欧哈克兽', '白金大便兽', '角龙兽']","('等级：9', 'HP：', 'SP：', 'ATK：20', 'DEF：', 'INT：', 'SPD：', '友情：', '才能：20', '')","('HP：450', 'SP：20', 'ATK：55', 'INT：24', 'DEF：50', 'SPD：36')","('HP：1620', 'SP：98', 'ATK：182', 'INT：102', 'DEF：167', 'SPD：134')","('战斗天分', 'HP在10%以下时，ATK提升50%。')","[('五连闪', '对敌方单体发动5次威力20的土属性物理攻击，ACU 80%。')]","['Lv.治愈', 'Lv.云雾汽油弹Ⅲ']"
48,巴鲁兽,,成长期,资料,木,1,5,HP,['种子兽'],"['朽木兽', '古加兽', '向日葵兽', '泥熊兽', '仙人掌兽', '鼻屎兽']","('等级：8', 'HP：100', 'SP：', 'ATK：', 'DEF：', 'INT：', 'SPD：', '友情：10', '才能：', '')","('HP：510', 'SP：21', 'ATK：50', 'INT：31', 'DEF：37', 'SPD：35')","('HP：1780', 'SP：109', 'ATK：157', 'INT：129', 'DEF：144', 'SPD：123')","('剧毒的荆棘', '发动攻击时，有10%的机率使对方中毒。')","[('毒蔓藤', '对敌方单体发动威力65的木属性物理攻击，并有10%的机率使对方中毒。')]","['Lv.新月之叶Ⅰ', 'Lv.反剧毒']"
49,小恶魔兽,,成长期,病毒,暗,1,4,速度,['指爪兽'],"['猛鬼兽', '恶魔兽', '九尾狐兽', '魔蛹兽', '冰恶魔兽']","('等级：8', 'HP：', 'SP：', 'ATK：', 'DEF：', 'INT：', 'SPD：30', '友情：', '才能：', '')","('HP：210', 'SP：34', 'ATK：40', 'INT：40', 'DEF：27', 'SPD：48')","('HP：1090', 'SP：141', 'ATK：138', 'INT：138', 'DEF：125', 'SPD：175')","('噩梦军团', '暗属性技能造成的伤害增加15%。')","[('小恶魔飞镖', '对敌方全体发动威力20的暗属性物理攻击，并吸收5%HP。')]","['Lv.混乱鬼火', 'Lv.攻击破坏']"
50,比丘兽,,成长期,疫苗,风,1,4,万能,['比高兽'],"['亚古拉兽', '飞龙兽', '比多兽', '九尾狐兽', '巴多拉兽']","('等级：8', 'HP：', 'SP：', 'ATK：', 'DEF：', 'INT：20', 'SPD：20', '友情：10', '才能：', '')","('HP：300', 'SP：40', 'ATK：36', 'INT：36', 'DEF：30', 'SPD：38')","('HP：1370', 'SP：147', 'ATK：134', 'INT：134', 'DEF：128', 'SPD：145')","('不死鸟之羽', '不会陷入即死状态。')","[('魔法火焰', '对敌方单体发动威力55的火属性魔法攻击，并有10%的机率使自己的INT提升10%。')]","['Lv.音速空洞Ⅰ', 'Lv.智能填充']"
51,夜鹰兽,猎鹰兽,成长期,疫苗,风,1,5,速度,['迪哥兽'],"['飞虫兽', 'V仔兽EX', '亚古拉兽', '锐啄兽']","('等级：9', 'HP：', 'SP：', 'ATK：', 'DEF：', 'INT：', 'SPD：30', '友情：', '才能：', '')","('HP：300', 'SP：40', 'ATK：45', 'INT：30', 'DEF：30', 'SPD：50')","('HP：1180', 'SP：147', 'ATK：143', 'INT：128', 'DEF：128', 'SPD：177')","('风之守卫', '风属性技能造成的伤害增加15%。')","[('手里里剑', '对敌方全体发动威力35的风属性物理攻击。')]","['Lv.速度填充', 'Lv.反麻痹']"
52,幻蜂兽,,成长期,病毒,木,1,5,攻击,['种子兽'],"['守卫兽（金）', '飞虫兽', '猛禽龙兽', '雀蜂兽', '仙人掌兽']","('等级：6', 'HP：', 'SP：', 'ATK：', 'DEF：', 'INT：', 'SPD：30', '友情：', '才能：', '')","('HP：280', 'SP：30', 'ATK：41', 'INT：34', 'DEF：28', 'SPD：49')","('HP：1450', 'SP：108', 'ATK：168', 'INT：112', 'DEF：145', 'SPD：147')","('皇家突击队', '发动攻击时，有10%的机率使对方麻痹。')","[('齿轮刺针', '对敌方单体发动雷属性威力25的物理攻击3次。')]","['Lv.奈米机械破坏Ⅰ', 'Lv.正极锁链']"
53,V仔兽,,成长期,自由,无,1,5,速攻,['独角兽'],"['V仔兽EX', '强袭龙兽', 'V龙兽', '野狼兽', '烈焰兽', '金甲龙兽']","('等级：6', 'HP：', 'SP：', 'ATK：20', 'DEF：', 'INT：', 'SPD：20', '友情：10', '才能：', '')","('HP：460', 'SP：30', 'ATK：67', 'INT：14', 'DEF：30', 'SPD：43')","('HP：1630', 'SP：118', 'ATK：194', 'INT：92', 'DEF：118', 'SPD：160')","('龙之愤怒', 'ATK提升15%。')","[('V仔头槌', '对敌方单体发动威力75的无属性物理攻击。')]","['Lv.重度强袭Ⅰ', 'Lv.烈风利爪Ⅰ']"
54,小狗兽,,成长期,疫苗,光,1,5,智力,['猫猫兽'],"['冰巫师兽', '迪路兽', '巴欧哈克兽', 'V龙兽', '镰鼬兽', '雪人兽']","('等级：7', 'HP：', 'SP：20', 'ATK：', 'DEF：', 'INT：20', 'SPD：', '友情：10', '才能：', '')","('HP：150', 'SP：55', 'ATK：20', 'INT：56', 'DEF：25', 'SPD：39')","('HP：930', 'SP：182', 'ATK：98', 'INT：183', 'DEF：113', 'SPD：156')","('神圣环', 'HP回复效果增加20%。')","[('小狗怒吼', '对敌方单体发动光属性中威力的INT贯穿攻击。并有10%的机率使对方麻痹。')]","['Lv.神圣之光Ⅰ', 'Lv.治愈']"
55,比特兽,贝塔兽,成长期,病毒,水,1,4,魔防,['布加兽'],"['飞龙兽', '贝壳鼻涕兽', '怪蛙兽', '海龙兽', '鼻涕兽', '鼻屎兽']","('等级：8', 'HP：', 'SP：', 'ATK：', 'DEF：', 'INT：40', 'SPD：', '友情：', '才能：', '')","('HP：340', 'SP：43', 'ATK：22', 'INT：50', 'DEF：27', 'SPD：34')","('HP：1410', 'SP：160', 'ATK：100', 'INT：177', 'DEF：125', 'SPD：122')","('不可思议的鳞片', '无效基本状态下降效果。')","[('麻痹电击', '对敌方单体发动威力55的雷属性魔法攻击，并有10%的机率使对方麻痹。')]","['Lv.寒冰之箭Ⅰ', 'Lv.反麻痹']"
56,麻鹰兽,,成长期,自由,风,1,5,速度,['迪哥兽'],"['亚古拉兽', '飞龙兽', '巴多拉兽', '锐啄兽', '火焰兽']","('等级：7', 'HP：', 'SP：', 'ATK：', 'DEF：', 'INT：', 'SPD：30', '友情：10', '才能：', '')","('HP：250', 'SP：35', 'ATK：50', 'INT：34', 'DEF：30', 'SPD：51')","('HP：1130', 'SP：142', 'ATK：148', 'INT：132', 'DEF：128', 'SPD：178')","('风之守卫', '风属性技能造成的伤害增加15%。')","[('羽毛回力镖', '对敌方单体发动风属性中威力的DEF贯穿攻击。')]","['Lv.烈风利爪Ⅰ', 'Lv.音速空洞Ⅰ']"
57,蘑菇兽,,成长期,病毒,木,1,4,HP,['比高兽'],"['朽木兽', '向日葵兽', '泥熊兽', '鼻屎兽']","('等级：8', 'HP：75', 'SP：', 'ATK：', 'DEF：10', 'INT：', 'SPD：', '友情：', '才能：', '')","('HP：480', 'SP：20', 'ATK：43', 'INT：30', 'DEF：35', 'SPD：34')","('HP：1750', 'SP：108', 'ATK：150', 'INT：128', 'DEF：142', 'SPD：122')","('自然灵魂', '木属性技能造成的伤害增加15%。')","[('剧毒超蘑菇', '对敌方单体发动木属性威力60的物理攻击。使对方以各10%的机率产生即死以外的异常状态。')]","['Lv.剧毒陷阱', 'Lv.新月之叶Ⅰ']"
58,单角龙兽,,成长期,疫苗,无,1,4,攻击,['独角兽'],"['魔蛹兽', '核龙兽蓝', '强袭龙兽', '多路加兽', '猛禽龙兽']","('等级：8', 'HP：', 'SP：', 'ATK：35', 'DEF：', 'INT：', 'SPD：', '友情：10', '才能：', '')","('HP：460', 'SP：15', 'ATK：65', 'INT：12', 'DEF：42', 'SPD：30')","('HP：1630', 'SP：93', 'ATK：192', 'INT：90', 'DEF：159', 'SPD：128')","('正义的团结', '连击的发生、持续机率提升10%')","[('冲击重拳', '对敌方单体发动无属性威力75的物理攻击。')]","['Lv.重度强袭Ⅰ', 'Lv.攻击填充']"
59,拉拉兽,,成长期,资料,木,1,4,HP,['种子兽'],"['向日葵兽', '仙人掌兽', '鼻屎兽', '朽木兽']","('等级：9', 'HP：75', 'SP：', 'ATK：', 'DEF：', 'INT：', 'SPD：', '友情：', '才能：', '')","('HP：470', 'SP：30', 'ATK：34', 'INT：30', 'DEF：34', 'SPD：35')","('HP：1740', 'SP：118', 'ATK：141', 'INT：128', 'DEF：141', 'SPD：123')","('花朵守护', '不会陷入剧毒状态。')","[('坚果射击', '对敌方全体发动2次威力15的木属性物理攻击。')]","['Lv.剧毒陷阱', 'Lv.反剧毒']"
60,光明兽,,成长期,疫苗,光,1,14,魔防,['迪哥兽'],"['天使兽', '恶魔兽', '光明兽FM']","('等级：30', 'HP：', 'SP：80', 'ATK：', 'DEF：', 'INT：130', 'SPD：', '友情：', '才能：80', '')","('HP：700', 'SP：90', 'ATK：20', 'INT：145', 'DEF：55', 'SPD：75')","('HP：1770', 'SP：207', 'ATK：98', 'INT：272', 'DEF：153', 'SPD：163')","('正义基因', '光属性技能造成的伤害增加15%。')","[('宏伟十字架', '对敌方全体发动光属性中威力的INT贯穿攻击。')]","['Lv.复活', 'Lv.神圣之光Ⅲ', 'Lv.闪耀雷射Ⅱ', 'Lv.X灵气']"
61,露娜兽,,成长期,资料,水,1,5,HP,['猫猫兽'],"['血狼兽', '迪路兽', '雷克斯兽', '修女兽天蓝']","('等级：8', 'HP：', 'SP：30', 'ATK：', 'DEF：', 'INT：20', 'SPD：', '友情：', '才能：', '')","('HP：260', 'SP：50', 'ATK：36', 'INT：52', 'DEF：23', 'SPD：38')","('HP：1530', 'SP：138', 'ATK：143', 'INT：150', 'DEF：130', 'SPD：126')","('月下冰刃', '水、光属性技能造成的伤害增加10%。')","[('泪珠射击', '对敌方单体发动水属性威力65的魔法攻击。')]","['Lv6.治愈', 'Lv12.偶像泡沫']"
62,妖狐兽,狐狸兽,成长期,资料,木,1,5,万能,['种子兽'],"['朽木兽', '加鲁鲁兽', '九尾狐兽', '黑迪路兽', '兔爷兽', '雷克斯兽']","('等级：7', 'HP：', 'SP：', 'ATK：20', 'DEF：', 'INT：20', 'SPD：20', '友情：', '才能：', '')","('HP：400', 'SP：40', 'ATK：40', 'INT：40', 'DEF：25', 'SPD：40')","('HP：1470', 'SP：147', 'ATK：138', 'INT：138', 'DEF：123', 'SPD：147')","('巧妙的智慧', 'INT提升15%。')","[('狐叶楔', '对敌方全体发动威力25的木属性魔法攻击。')]","['Lv.盖亚元素Ⅰ', 'Lv.反混乱']"
63,黑大耳兽,垂耳兔兽,成长期,资料,土,1,4,双刀,['柏古兽'],"['巫师兽', '加鲁哥兽', '泥熊兽', '恶魔兽', '兔爷兽', '黑迪路兽']","('等级：8', 'HP：', 'SP：', 'ATK：15', 'DEF：', 'INT：20', 'SPD：', '友情：', '才能：', '')","('HP：300', 'SP：30', 'ATK：45', 'INT：45', 'DEF：24', 'SPD：36')","('HP：1280', 'SP：128', 'ATK：162', 'INT：162', 'DEF：112', 'SPD：134')","('动物竞技场', '土属性技能造成的伤害增加15%。')","[('爆裂寒冰', '对敌方单体发动威力60的水属性魔法攻击。')]","['Lv.雄伟巨石Ⅰ', 'Lv.智能破坏']"
64,虫虫兽,,成长期,自由,木,1,4,防御,['比高兽'],"['冰恶魔兽', '比多兽', '古加兽', '飞虫兽', '雀蜂兽', '羽蝶兽']","('等级：8', 'HP：', 'SP：', 'ATK：', 'DEF：20', 'INT：', 'SPD：', '友情：10', '才能：', '')","('HP：270', 'SP：27', 'ATK：39', 'INT：37', 'DEF：48', 'SPD：32')","('HP：1250', 'SP：125', 'ATK：146', 'INT：144', 'DEF：175', 'SPD：110')","('自然灵魂', '木属性技能造成的伤害增加15%。')","[('粘性罗网', '对敌方单体发动威力65的木属性物理攻击，并有30%的机率使对方的SPD降低10%。')]","['Lv.剧毒陷阱', 'Lv.速度破坏']"
65,冰恶魔兽,,成熟期,病毒,水,1,8,双刀,"['小妖兽', '小恶魔兽', '虫虫兽']","['吸血魔兽', '祖利兽', '达高兽', '女恶魔兽', '阿卡迪兽完全体']","('等级：15', 'HP：', 'SP：', 'ATK：40', 'DEF：', 'INT：40', 'SPD：', '友情：', '才能：', '')","('HP：500', 'SP：45', 'ATK：82', 'INT：60', 'DEF：45', 'SPD：43')","('HP：1480', 'SP：143', 'ATK：199', 'INT：177', 'DEF：133', 'SPD：141')","('心头灭却', '不会陷入混乱状态')","[('冰霜之爪', '对敌方单体发动水属性中威力的DEF贯穿攻击。')]","['Lv.寒冰之箭Ⅱ', 'Lv.精神耗竭', 'Lv.地狱粉碎Ⅰ']"
66,冰石兽,,成熟期,资料,水,2,6,防御,"['矿石兽', '哥玛兽']","['陨石兽', '邦加兽', '祖顿兽']","('等级：15', 'HP：110', 'SP：', 'ATK：', 'DEF：50', 'INT：', 'SPD：', '友情：', '才能：', '')","('HP：450', 'SP：38', 'ATK：55', 'INT：53', 'DEF：69', 'SPD：45')","('HP：1430', 'SP：136', 'ATK：162', 'INT：160', 'DEF：196', 'SPD：123')","('深海救星', '水属性技能造成的伤害增加15%。')","[('冰球炸弹', '对敌方单体发动水属性威力80的物理攻击。容易产生CRT。')]","['Lv.寒冰之箭Ⅱ', 'Lv.彗星重锤Ⅱ', 'Lv.大海波浪Ⅰ']"
67,亚古拉兽,天鹰兽,成熟期,自由,风,1,8,速度,"['比丘兽', '夜鹰兽', '麻鹰兽']","['飞行V龙兽', '伽楼达兽', '人面战鹰兽', '仙鹰兽', '八咫鸦兽']","('等级：14', 'HP：', 'SP：', 'ATK：', 'DEF：', 'INT：', 'SPD：55', '友情：', '才能：', '')","('HP：400', 'SP：55', 'ATK：60', 'INT：40', 'DEF：40', 'SPD：80')","('HP：1280', 'SP：162', 'ATK：158', 'INT：138', 'DEF：138', 'SPD：207')","('风之守卫', '风属性技能造成的伤害增加15%。')","[('碎裂角', '对敌方单体发动威力85的风属性物理攻击，并有15%的机率使对方眩晕。')]","['Lv.烈风利爪Ⅱ', 'Lv.音速空洞Ⅱ', 'Lv.狂风暴雨Ⅰ']"
68,火神兽,,成熟期,自由,火,1,8,万能,"['亚古兽', '基尔兽']","['炎龙兽', '死神火焰兽', '斗牛士兽', '进升暴龙兽']","('等级：15', 'HP：150', 'SP：', 'ATK：50', 'DEF：', 'INT：', 'SPD：', '友情：', '才能：', '火焰人类斗士精神拥有')","('HP：600', 'SP：35', 'ATK：85', 'INT：35', 'DEF：44', 'SPD：66')","('HP：1670', 'SP：142', 'ATK：183', 'INT：133', 'DEF：142', 'SPD：173')","('人类斗士精神', 'SPD上升20%。ATK减少10%。')","[('火龙烈焰拳', '对敌方单体发动火属性威力45的物理攻击2次。')]","['Lv10.云雾汽油弹Ⅱ', 'Lv18.流星坠落Ⅰ', 'Lv25.加速增幅器']"
69,阿卡迪兽成熟期,,成熟期,病毒,暗,1,8,万能,"['阿卡迪兽成长期', '哈哈兽', '德古兽']","['阿卡迪兽完全体', '地狱使者兽', '丧尸撒旦兽']","('等级：16', 'HP：', 'SP：', 'ATK：50', 'DEF：', 'INT：40', 'SPD：', '友情：', '才能：', '骇客追忆通关')","('HP：600', 'SP：45', 'ATK：90', 'INT：40', 'DEF：35', 'SPD：55')","('HP：1670', 'SP：152', 'ATK：188', 'INT：138', 'DEF：133', 'SPD：162')","('理想乡', '降低受到即死效果的机率50%，提升CRT发生率10%。')","[('监禁之拳', '对敌方单体发动暗属性威力20的物理攻击3~5次，吸取30%的HP。')]","['Lv10.破坏加农Ⅱ', 'Lv18.重度强袭Ⅱ', 'Lv25.交叉拳']"
70,战甲兽,甲龙兽,成熟期,自由,土,2,6,铁壁,"['穿山兽', '矿石兽', '哥玛兽']","['陨石兽', '地龙兽', '古神兽', '丧尸暴龙兽', '神圣天使兽']","('等级：15', 'HP：150', 'SP：', 'ATK：', 'DEF：40', 'INT：', 'SPD：', '友情：', '才能：', '')","('HP：700', 'SP：45', 'ATK：45', 'INT：35', 'DEF：70', 'SPD：40')","('HP：1970', 'SP：152', 'ATK：133', 'INT：123', 'DEF：197', 'SPD：118')","('铁壁的守护', 'DEF提升15%。')","[('尾巴锤击', '对敌方单体发动威力85的土属性物理攻击，并有15%的机率使对方眩晕。')]","['Lv.雄伟巨石Ⅱ', 'Lv.反眩晕', 'Lv.地牛翻身Ⅰ']"
71,海狮兽,,成熟期,疫苗,水,1,8,HP,"['哥玛兽', '虾蛄兽', '大耳兽']","['三角龙兽', '祖顿兽', '巨鲸兽', '音速迦奥迦兽']","('等级：15', 'HP：300', 'SP：', 'ATK：', 'DEF：', 'INT：', 'SPD：', '友情：25%', '才能：', '')","('HP：700', 'SP：40', 'ATK：65', 'INT：45', 'DEF：49', 'SPD：46')","('HP：1970', 'SP：128', 'ATK：172', 'INT：143', 'DEF：156', 'SPD：134')","('深海救星', '水属性技能造成的伤害增加15%。')","[('鱼叉火神炮', '对敌方单体发动威力90的火属性物理攻击，必定命中。')]","['Lv.寒冰之箭Ⅱ', 'Lv.大海波浪Ⅰ', 'Lv.治愈']"
72,巫师兽,,成熟期,资料,暗,1,8,智力,"['小妖兽', '哈哈兽', '黑大耳兽']","['吸血魔兽', '死神火焰兽', '死神兽', '贤者兽']","('等级：14', 'HP：', 'SP：35', 'ATK：', 'DEF：', 'INT：55', 'SPD：', '友情：', '才能：', '')","('HP：300', 'SP：74', 'ATK：35', 'INT：80', 'DEF：35', 'SPD：60')","('HP：1080', 'SP：202', 'ATK：113', 'INT：207', 'DEF：123', 'SPD：177')","('巧妙的智慧', 'INT提升15%。')","[('雷云闪光', '对敌方单体发动威力75的雷属性魔法攻击，并有10%的机率使对方麻痹。')]","['Lv.梦魇Ⅱ', 'Lv.地狱粉碎Ⅰ', 'Lv.音速空洞Ⅱ']"
73,野狼兽,,成熟期,自由,光,1,8,攻击,"['加布兽', '管狐兽', 'V仔兽']","['银狼兽', '骑士兽', '兽人加鲁鲁']","('等级：15', 'HP：', 'SP：', 'ATK：45', 'DEF：', 'INT：', 'SPD：55', '友情：', '才能：', '光之人类斗士精神拥有')","('HP：600', 'SP：40', 'ATK：80', 'INT：30', 'DEF：37', 'SPD：68')","('HP：1770', 'SP：118', 'ATK：207', 'INT：108', 'DEF：154', 'SPD：166')","('人类斗士精神', 'SPD上升20%。ATK减少10%。')","[('双重胜利者', '对敌方单体发动光属性威力90的物理攻击。容易产生CRT。')]","['Lv10.速度填充', 'Lv18.神圣钩爪Ⅱ', 'Lv25.重度强袭Ⅱ']"
74,朽木兽,枯木兽,成熟期,病毒,木,2,6,HP,"['巴鲁兽', '蘑菇兽', '拉拉兽', '妖狐兽']","['祖利兽', '南瓜兽', '祭师兽']","('等级：14', 'HP：500', 'SP：', 'ATK：', 'DEF：', 'INT：', 'SPD：', '友情：', '才能：', '')","('HP：850', 'SP：30', 'ATK：56', 'INT：40', 'DEF：50', 'SPD：44')","('HP：2120', 'SP：118', 'ATK：161', 'INT：138', 'DEF：157', 'SPD：132')","('奇异的舞蹈', '发动攻击时，有10%的机率使对方混乱。')","[('吸命树枝', '对敌方单体发动威力75的木属性物理攻击，并吸取20%HP。')]","['Lv.盖亚元素Ⅱ', 'Lv.新月之叶Ⅱ', 'Lv.力量能源Ⅱ']"
75,飞龙兽,,成熟期,疫苗,风,2,6,攻击,"['比丘兽', '麻鹰兽', '比特兽']","['翼龙兽', '超海龙兽', '超蛇龙兽', '机械暴龙兽']","('等级：14', 'HP：', 'SP：', 'ATK：35', 'DEF：', 'INT：', 'SPD：45', '友情：', '才能：', '')","('HP：460', 'SP：38', 'ATK：63', 'INT：47', 'DEF：42', 'SPD：69')","('HP：1630', 'SP：116', 'ATK：190', 'INT：125', 'DEF：159', 'SPD：167')","('风之守卫', '风属性技能造成的伤害增加15%。')","[('旋针', '对敌方全体发动风属性威力45的物理攻击。')]","['Lv.音速空洞Ⅱ', 'Lv.狂风暴雨Ⅰ', 'Lv.云雾汽油弹Ⅱ']"
76,V仔兽EX,XV兽,成熟期,自由,无,1,8,万能,"['巴达兽', '夜鹰兽', 'V仔兽']","['翼龙兽', '恐蜂兽', '机甲龙兽', '神圣天使兽', '进升暴龙兽']","('等级：14', 'HP：', 'SP：', 'ATK：40', 'DEF：', 'INT：', 'SPD：40', '友情：25', '才能：', '')","('HP：500', 'SP：65', 'ATK：55', 'INT：45', 'DEF：45', 'SPD：65')","('HP：1570', 'SP：172', 'ATK：153', 'INT：143', 'DEF：143', 'SPD：172')","('龙之愤怒', 'ATK提升15%。')","[('X光线', '对敌方单体发动威力95的光属性物理攻击。')]","['Lv.重度强袭Ⅱ', 'Lv.马赫突击Ⅰ', 'Lv.神圣之光Ⅱ']"
77,天使兽,,成熟期,疫苗,光,1,8,双刀,"['管狐兽', '巴达兽', '光明兽']","['伽楼达兽', '古神兽', '救星哈克兽', '仙鹰兽', '神圣天使兽']","('等级：16', 'HP：', 'SP：', 'ATK：', 'DEF：', 'INT：40', 'SPD：', '友情：', '才能：5', '')","('HP：450', 'SP：45', 'ATK：70', 'INT：70', 'DEF：45', 'SPD：50')","('HP：1430', 'SP：143', 'ATK：187', 'INT：187', 'DEF：133', 'SPD：148')","('正义基因', '光属性技能造成的伤害增加15%。')","[('天堂之拳', '对敌方单体发动威力80的光属性物理攻击，并有10%的机率使自己的ATK或INT提升10%。')]","['Lv10.神圣之光Ⅱ', 'Lv18.X治愈', 'Lv25.闪耀雷射Ⅰ']"
78,奥加兽,恶鬼兽,,,,,,,[],[],"('等级：', 'HP：', 'SP：', 'ATK：', 'DEF：', 'INT：', 'SPD：', '友情：', '才能：', '')","('HP：', 'SP：', 'ATK：', 'INT：', 'DEF：', 'SPD：')","('HP：', 'SP：', 'ATK：', 'INT：', 'DEF：', 'SPD：')","('', '')","[('', '')]",[]
79,守卫兽,守卫机器人兽,成熟期,病毒,雷,2,6,防御,"['积木亚古兽', '多路兽', '齿轮兽']","['安杜路兽', '捕捉豆豆兽', '格斗狮子兽', '分子兽', '钢铁豆豆兽']","('等级：14', 'HP：', 'SP：', 'ATK：', 'DEF：55', 'INT：', 'SPD：', '友情：', '才能：', '')","('HP：500', 'SP：35', 'ATK：55', 'INT：50', 'DEF：75', 'SPD：40')","('HP：1480', 'SP：133', 'ATK：162', 'INT：157', 'DEF：202', 'SPD：118')","('钢铁帝国', '雷属性技能造成的伤害增加15%。')","[('毁灭榴弹炮', '对敌方全体发动威力40的火属性物理攻击，必定命中。')]","['Lv.奈米机械破坏Ⅱ', 'Lv.守备填充', 'Lv.天国闪电Ⅱ']"
80,守卫兽（金）,守卫机器人兽（金）,成熟期,自由,雷,2,6,铁壁,"['积木亚古兽', '太阳兽', '幻蜂兽']","['安杜路兽', '黄金剑士兽', '杜兰兽', '拉比兽（盔甲）']","('等级：14', 'HP：130', 'SP：', 'ATK：', 'DEF：60', 'INT：', 'SPD：', '友情：', '才能：', '')","('HP：500', 'SP：30', 'ATK：55', 'INT：52', 'DEF：105', 'SPD：23')","('HP：1770', 'SP：137', 'ATK：143', 'INT：140', 'DEF：232', 'SPD：101')","('铁壁的守护', 'DEF提升15%。')","[('毁灭榴弹炮', '对敌方全体发动火属性威力20的物理攻击2次。容易产生CRT。')]","['Lv.天国闪电Ⅱ', 'Lv.智能填充', 'Lv.闪电坠击Ⅰ']"
81,迦奥迦兽,加奥加兽,成熟期,资料,风,1,8,速度,"['迦奥兽', '加支兽', '野人兽']","['格斗狮子兽', '音速迦奥迦兽', '兽人加鲁鲁']","('等级：15', 'HP：', 'SP：', 'ATK：', 'DEF：', 'INT：', 'SPD：55', '友情：', '才能：', '')","('HP：300', 'SP：55', 'ATK：60', 'INT：50', 'DEF：45', 'SPD：75')","('HP：1180', 'SP：162', 'ATK：158', 'INT：148', 'DEF：143', 'SPD：202')","('假动作', '闪避率提升7%')","[('螺旋吹袭', '对敌方单体发动威力90的风属性物理攻击。')]","['Lv.音速空洞Ⅱ', 'Lv.狂风暴雨Ⅰ', 'Lv.寒冰之箭Ⅱ']"
82,比多兽,,成熟期,疫苗,木,2,6,防御,"['甲虫兽', '比高兽', '虫虫兽']","['超比多兽', '祖利兽', '丁香兽']","('等级：14', 'HP：', 'SP：', 'ATK：', 'DEF：40', 'INT：40', 'SPD：', '友情：', '才能：', '')","('HP：400', 'SP：40', 'ATK：55', 'INT：63', 'DEF：65', 'SPD：42')","('HP：1380', 'SP：138', 'ATK：162', 'INT：170', 'DEF：192', 'SPD：120')","('麻痹如水流', '不会陷入麻痹状态')","[('百万爆破', '对敌方单体发动威力80的雷属性魔法攻击。')]","['Lv.新月之叶Ⅱ', 'Lv.智能填充', 'Lv.天国闪电Ⅱ']"
83,贝壳鼻涕兽,,成熟期,病毒,水,2,6,铁壁,"['蝌蚪兽', '虾蛄兽', '比特兽']","['黑帝鼻涕兽', '超海龙兽', '怪蛙皇']","('等级：14', 'HP：150', 'SP：', 'ATK：', 'DEF：55', 'INT：', 'SPD：', '友情：', '才能：', '')","('HP：650', 'SP：50', 'ATK：35', 'INT：30', 'DEF：85', 'SPD：40')","('HP：1920', 'SP：157', 'ATK：123', 'INT：118', 'DEF：212', 'SPD：118')","('捡拾', '增加敌人掉落道具的机率。')","[('熟成大便', '对敌方单体发动威力75的土属性物理攻击，并有30%的机率使对方的INT降低10%。')]","['Lv.偶像泡沫', 'Lv.守备破坏', 'Lv.守备填充']"
84,加鲁哥兽,,成熟期,疫苗,雷,2,6,万能,"['迦奥兽', '大耳兽', '黑大耳兽', '修女兽雪白']","['大古拉兽', '玉兔兽', '拉比兽']","('等级：15', 'HP：150', 'SP：', 'ATK：', 'DEF：', 'INT：', 'SPD：40', '友情：', '才能：', '')","('HP：500', 'SP：50', 'ATK：60', 'INT：40', 'DEF：50', 'SPD：55')","('HP：1570', 'SP：157', 'ATK：158', 'INT：138', 'DEF：148', 'SPD：162')","('百发百中', 'ACU提升15%。')","[('达达勾拳', '对敌方单体发动威力90的无属性物理攻击，并有10%的机率使对方眩晕。')]","['Lv.麻痹电网', 'Lv.闪电坠击Ⅰ', 'Lv.马赫突击Ⅰ']"
85,加鲁鲁兽,,成熟期,疫苗,火,1,8,速度,"['艾力兽', '加布兽', '妖狐兽']","['多路龙兽', '邦加兽', '兽人加鲁鲁', '祖顿兽']","('等级：15', 'HP：', 'SP：', 'ATK：', 'DEF：', 'INT：', 'SPD：50', '友情：25', '才能：', '')","('HP：450', 'SP：55', 'ATK：50', 'INT：45', 'DEF：45', 'SPD：75')","('HP：1330', 'SP：162', 'ATK：148', 'INT：143', 'DEF：143', 'SPD：202')","('野性的鼓动', 'SPD提升15%。')","[('妖狐火焰', '对敌方单体发动威力85的火属性物理攻击，并有10%的机率使自己的SPD提升10%。')]","['Lv.速度填充', 'Lv.雄伟巨石Ⅱ', 'Lv.疾速逃脱']"
86,黑加鲁鲁兽,加鲁鲁兽（黑）,成熟期,病毒,火,1,8,速度,"['加布兽（黑）', '艾力兽', '加支兽']","['熊猫兽', '蓝色火焰兽', '音速迦奥迦兽', '黑兽人加鲁鲁']","('等级：15', 'HP：', 'SP：', 'ATK：35', 'DEF：', 'INT：', 'SPD：50', '友情：', '才能：', '')","('HP：450', 'SP：55', 'ATK：60', 'INT：30', 'DEF：55', 'SPD：70')","('HP：1330', 'SP：162', 'ATK：158', 'INT：128', 'DEF：153', 'SPD：197')","('威吓', '发动攻击时，有10%的机率使对方眩晕。')","[('冰结之牙', '对敌方单体发动威力85的水属性物理攻击，并有10%的机率使自己的SPD提升10%。')]","['Lv.速度填充', 'Lv.雄伟巨石Ⅱ', 'Lv.敏捷填充']"
87,九尾狐兽,九尾兽,成熟期,资料,火,1,8,智力,"['小恶魔兽', '比丘兽', '妖狐兽']","['女恶魔兽', '熊仔兽', '祭师兽']","('等级：14', 'HP：', 'SP：40', 'ATK：', 'DEF：', 'INT：40', 'SPD：40', '友情：', '才能：', '')","('HP：350', 'SP：75', 'ATK：20', 'INT：75', 'DEF：40', 'SPD：70')","('HP：1130', 'SP：202', 'ATK：98', 'INT：202', 'DEF：128', 'SPD：187')","('巧妙的智慧', 'INT提升15%。')","[('鬼火玉', '对敌方全体发动威力30的火属性魔法攻击。')]","['Lv.爆裂火焰Ⅱ', 'Lv.混乱鬼火', 'Lv.智能填充']"
88,古拉兽,,成熟期,病毒,火,1,8,攻击,"['亚古兽（黑）', '基尔兽', '野人兽']","['千兆龙兽', '大古拉兽', '机械暴龙兽', '钢铁巨龙兽', '炎龙兽']","('等级：15', 'HP：', 'SP：', 'ATK：50', 'DEF：', 'INT：', 'SPD：20', '友情：', '才能：', '')","('HP：600', 'SP：40', 'ATK：80', 'INT：30', 'DEF：55', 'SPD：60')","('HP：1770', 'SP：118', 'ATK：207', 'INT：108', 'DEF：172', 'SPD：158')","('万能', 'ATK、DEF、INT、SPD提升5%。')","[('排射火焰', '对敌方单体发动威力85的火属性物理攻击，并有10%的机率使自己的ATK提升10%。')]","['Lv.云雾汽油弹Ⅱ', 'Lv.彗星重锤Ⅱ', 'Lv.正极锁链']"
89,魔蛹兽,虫蛹兽,成熟期,自由,暗,1,8,速攻,"['加支兽', '哈哈兽', '小恶魔兽', '单角龙兽', '阿卡迪兽成长期']","['地狱使者兽', '电子龙兽', '祭师兽', '阿卡迪兽完全体']","('等级：16', 'HP：150', 'SP：', 'ATK：40', 'DEF：', 'INT：', 'SPD：', '友情：', '才能：', '')","('HP：700', 'SP：40', 'ATK：90', 'INT：25', 'DEF：35', 'SPD：55')","('HP：1870', 'SP：128', 'ATK：217', 'INT：103', 'DEF：123', 'SPD：172')","('破坏神', '发动攻击时，有10%的机率使对方立即死亡。')","[('资料粉碎者', '对敌方单体发动威力90的暗属性物理攻击，并有5%的机率使对方立即死亡。')]","['Lv.破坏加农Ⅱ', 'Lv.奈米机械破坏Ⅱ', 'Lv.守备破坏']"
90,暴龙兽,,成熟期,疫苗,火,1,8,攻击,"['亚古兽', '积木亚古兽', '哈克兽']","['机械暴龙兽', '机械暴龙兽（蓝）', '超蛇龙兽', '丧尸暴龙兽']","('等级：16', 'HP：', 'SP：', 'ATK：55', 'DEF：', 'INT：', 'SPD：', '友情：50', '才能：', '')","('HP：650', 'SP：35', 'ATK：85', 'INT：25', 'DEF：60', 'SPD：55')","('HP：1820', 'SP：113', 'ATK：212', 'INT：103', 'DEF：177', 'SPD：153')","('龙之怒吼', '火属性技能造成的伤害增加15%。')","[('超级火焰', '对敌方单体发动威力95的火属性物理攻击。')]","['Lv.云雾汽油弹Ⅱ', 'Lv.重度强袭Ⅱ', 'Lv.加速增幅器']"
91,暴龙兽蓝,暴龙兽（蓝）,成熟期,病毒,火,1,8,攻击,"['亚古兽（黑）', '基尔兽', '野人兽']","['三角龙兽', '多路龙兽', '骑士兽', '机械暴龙兽（蓝）']","('等级：16', 'HP：150', 'SP：', 'ATK：50', 'DEF：', 'INT：', 'SPD：', '友情：', '才能：', '')","('HP：700', 'SP：35', 'ATK：90', 'INT：20', 'DEF：60', 'SPD：50')","('HP：1870', 'SP：113', 'ATK：217', 'INT：98', 'DEF：177', 'SPD：148')","('龙之愤怒', 'ATK提升15%。')","[('位元火炎', '对敌方单体发动3次威力30的火属性物理攻击。')]","['Lv.云雾汽油弹Ⅱ', 'Lv.流星坠落Ⅰ', 'Lv.命中填充']"
92,时钟兽,,成熟期,资料,雷,2,6,魔防,"['矿石兽', '积木亚古兽', '齿轮兽', '太阳兽']","['安杜路兽', '骑士兽', '分子兽', '贤者兽']","('等级：14', 'HP：', 'SP：', 'ATK：', 'DEF：', 'INT：35', 'SPD：', '友情：', '才能：', '')","('HP：500', 'SP：60', 'ATK：25', 'INT：70', 'DEF：52', 'SPD：48')","('HP：1570', 'SP：177', 'ATK：103', 'INT：197', 'DEF：150', 'SPD：136')","('钢铁帝国', '雷属性技能造成的伤害增加15%。')","[('超时空破碎', '给予敌方单体150的固定伤害，并有30%的机率使对方的SPD降低10%。')]","['Lv.天国闪电Ⅱ', 'Lv.治愈', 'Lv.偶像泡沫']"
93,古加兽,,成熟期,病毒,木,2,6,攻击,"['甲虫兽', '巴鲁兽', '虫虫兽']","['祖利兽', '大古加兽', '炮蜂兽']","('等级：', 'HP：', 'SP：', 'ATK：', 'DEF：', 'INT：', 'SPD：', '友情：', '才能：', '')","('HP：600', 'SP：30', 'ATK：90', 'INT：20', 'DEF：55', 'SPD：50')","('HP：1770', 'SP：108', 'ATK：217', 'INT：98', 'DEF：172', 'SPD：148')","('自然灵魂', '木属性技能造成的伤害增加15%。')","[('剪刀臂', '对敌方单体发动无属性中威力的DEF贯穿攻击。')]","['Lv.新月之叶Ⅱ', 'Lv.破坏加农Ⅱ', 'Lv.狂风暴雨Ⅰ']"
94,怪蛙兽,,成熟期,病毒,水,2,6,魔防,"['蝌蚪兽', '虾蛄兽', '比特兽']","['超海龙兽', '怪蛙皇', '巨鲸兽']","('等级：14', 'HP：', 'SP：40', 'ATK：', 'DEF：', 'INT：40', 'SPD：', '友情：', '才能：', '')","('HP：600', 'SP：65', 'ATK：29', 'INT：65', 'DEF：40', 'SPD：46')","('HP：1670', 'SP：182', 'ATK：107', 'INT：192', 'DEF：138', 'SPD：134')","('深海的睡眠', '发动攻击时，有10%的机率使对方睡眠。')","[('碰撞交响乐', '对敌方单体发动无属性中威力的INT贯穿攻击。')]","['Lv.发电水流Ⅱ', 'Lv.攻击破坏', 'Lv.反睡眠']"
95,庸俗兽,卑劣兽,成熟期,病毒,雷,2,6,铁壁,"['穿山兽', '艾力兽', '太阳兽']","['悟空兽', '超级流星兽', '钢铁豆豆兽']","('等级：12', 'HP：130', 'SP：25', 'ATK：', 'DEF：40', 'INT：', 'SPD：', '友情：', '才能：', '')","('HP：750', 'SP：46', 'ATK：60', 'INT：20', 'DEF：65', 'SPD：39')","('HP：2020', 'SP：153', 'ATK：148', 'INT：108', 'DEF：192', 'SPD：117')","('走为上策', '有逃脱的机会的战斗，绝对能逃脱成功。')","[('超恶臭', '对敌方单体发动威力75的土属性物理攻击，并有15%的机率使对方混乱或麻痹。')]","['Lv.剧毒陷阱', 'Lv.守备填充', 'Lv.奈米机械破坏Ⅱ']"
96,核龙兽蓝,,成熟期,疫苗,风,1,8,攻击,"['天龙兽', '单角龙兽']","['翼龙兽', '飞行V龙兽', '蓝色火焰兽']","('等级：', 'HP：', 'SP：', 'ATK：', 'DEF：', 'INT：', 'SPD：', '友情：', '才能：', '')","('HP：650', 'SP：37', 'ATK：88', 'INT：30', 'DEF：45', 'SPD：60')","('HP：1820', 'SP：115', 'ATK：215', 'INT：108', 'DEF：162', 'SPD：158')","('逆鳞', '被攻击时，5%的机率上升ATK50%DEF减少50%。')","[('青焰吐息', '对敌方单体发动火属性威力85的物理攻击，必定命中。减少对方的DEF 10%。')]","['Lv.攻击填充', 'Lv.烈风利爪Ⅱ', 'Lv.狂风暴雨Ⅰ']"
97,核龙兽绿,,成熟期,病毒,土,1,8,速攻,"['野人兽', '天龙兽']","['三角龙兽', '地龙兽', '大古拉兽']","('等级：', 'HP：', 'SP：', 'ATK：', 'DEF：', 'INT：', 'SPD：', '友情：', '才能：', '')","('HP：650', 'SP：30', 'ATK：88', 'INT：22', 'DEF：55', 'SPD：65')","('HP：1820', 'SP：118', 'ATK：215', 'INT：100', 'DEF：143', 'SPD：182')","('逆鳞', '被攻击时，5%的机率上升ATK50%DEF减少50%。')","[('绿焰吐息', '对敌方单体发动火属性中威力的DEF贯穿攻击。容易产生CRT。')]","['Lv.彗星重锤Ⅱ', 'Lv.眩晕冲击', 'Lv.爆击填充']"
98,黄金鼻涕兽,,成熟期,病毒,光,2,6,魔防,"['穿山兽', '管狐兽', '兹巴兽', '齿轮兽']","['入侵者兽', '白金鼻涕兽', '黑帝鼻涕兽']","('等级：18', 'HP：', 'SP：', 'ATK：', 'DEF：', 'INT：', 'SPD：', '友情：', '才能：5', '')","('HP：600', 'SP：66', 'ATK：20', 'INT：80', 'DEF：35', 'SPD：44')","('HP：1670', 'SP：183', 'ATK：98', 'INT：207', 'DEF：133', 'SPD：132')","('百万富翁', '增加战斗时获取的YEN。')","[('黄金榴莲冲刺', '对敌方全体发动2次威力10的光属性物理攻击，并有1%的机率使对方立即死亡。')]","['Lv.反液晶化', 'Lv.复活', 'Lv.结构痛击']"
99,岩石兽,魔像兽,成熟期,病毒,土,2,6,攻击,"['穿山兽', '矿石兽', '太阳兽']","['陨石兽', '南瓜兽', '火山兽']","('等级：14', 'HP：150', 'SP：', 'ATK：', 'DEF：60', 'INT：', 'SPD：', '友情：', '才能：', '')","('HP：850', 'SP：40', 'ATK：58', 'INT：23', 'DEF：74', 'SPD：25')","('HP：2020', 'SP：118', 'ATK：185', 'INT：101', 'DEF：191', 'SPD：123')","('铁壁的守护', 'DEF提升15%。')","[('绯红诅咒', '对敌方全体发动火属性威力45的物理攻击。')]","['Lv.地牛翻身', 'Lv.彗星重锤Ⅱ', 'Lv.流星坠落Ⅰ']"
100,独眼龙兽,,成熟期,病毒,土,2,6,防御,"['亚古兽（黑）', '穿山兽', '多路兽']","['超蛇龙兽', '多路龙兽', '分子兽']","('等级：14', 'HP：', 'SP：', 'ATK：30', 'DEF：40', 'INT：', 'SPD：', '友情：', '才能：', '')","('HP：450', 'SP：35', 'ATK：78', 'INT：40', 'DEF：65', 'SPD：42')","('HP：1430', 'SP：133', 'ATK：185', 'INT：147', 'DEF：192', 'SPD：120')","('火灾现场的怪力', 'HP在50%以下时，ATK提升25%.')","[('超高热量', '对敌方单体发动威力85的火属性物理攻击，并有10%的机率使对方的DEF降低10%。')]","['Lv.爆击填充', 'Lv.地牛翻身Ⅰ', 'Lv.交叉拳']"
101,血狼兽,,成熟期,病毒,暗,2,6,HP,"['迦奥兽', '德古兽', '露娜兽']","['吸血魔兽', '银狼兽', '斗牛士兽', '黑兽人加鲁鲁']","('等级：15', 'HP：', 'SP：', 'ATK：50', 'DEF：', 'INT：', 'SPD：55', '友情：', '才能：', '')","('HP：550', 'SP：41', 'ATK：70', 'INT：41', 'DEF：38', 'SPD：60')","('HP：1820', 'SP：129', 'ATK：177', 'INT：139', 'DEF：145', 'SPD：148')","('吸血鬼', '增加依照HP吸取效果的回复量25%。')","[('贯穿刀刃', '对敌方单体发动暗属性威力25的物理攻击3~5次，吸取10%的HP。')]","['Lv.破坏加农Ⅱ', 'Lv.梦魇Ⅱ', 'Lv.物理耗竭']"
102,向日葵兽,,成熟期,资料,木,2,6,魔防,"['甲虫兽', '巴鲁兽', '蘑菇兽', '拉拉兽']","['天女兽', '丁香兽', '花仙兽']","('等级：14', 'HP：150', 'SP：', 'ATK：', 'DEF：', 'INT：40', 'SPD：', '友情：', '才能：', '')","('HP：650', 'SP：55', 'ATK：25', 'INT：78', 'DEF：40', 'SPD：42')","('HP：1720', 'SP：172', 'ATK：103', 'INT：205', 'DEF：138', 'SPD：130')","('花朵守护', '不会陷入剧毒状态')","[('阳光射线', '对敌方单体发动威力80的光属性魔法攻击。')]","['Lv.盖亚元素Ⅱ', 'Lv.神圣之光Ⅱ', 'Lv.X治愈']"
103,海龙兽,,成熟期,资料,水,2,6,魔防,"['蝌蚪兽', '虾蛄兽', '比特兽']","['怪蛙皇', '超海龙兽', '巨鲸兽', '龙王兽']","('等级：14', 'HP：', 'SP：', 'ATK：', 'DEF：30', 'INT：40', 'SPD：', '友情：', '才能：', '')","('HP：550', 'SP：60', 'ATK：25', 'INT：71', 'DEF：50', 'SPD：44')","('HP：1620', 'SP：177', 'ATK：103', 'INT：198', 'DEF：148', 'SPD：132')","('不可思议的鳞片', '无效基本状态下降效果。')","[('寒冰箭', '对敌方单体发动威力75的水属性魔法攻击，并有10%的机率使对方的SPD降低10%。')]","['Lv.发电水流Ⅱ', 'Lv.反混乱', 'Lv.反射镜']"
104,希拉兽,腔棘鱼兽,成熟期,资料,水,2,6,双刀,"['蝌蚪兽', '虾蛄兽']","['安杜路兽', '达高兽', '超海龙兽', '龙王兽']","('等级：14', 'HP：300', 'SP：', 'ATK：', 'DEF：', 'INT：', 'SPD：30', '友情：', '才能：', '')","('HP：800', 'SP：30', 'ATK：55', 'INT：32', 'DEF：61', 'SPD：47')","('HP：1780', 'SP：128', 'ATK：172', 'INT：149', 'DEF：149', 'SPD：145')","('深海救星', '水属性技能造成的伤害增加15%。')","[('多变夺命镖', '对敌方单体发动水属性威力30的物理攻击3次。')]","['Lv.寒冰之箭Ⅱ', 'Lv.负极锁链', 'Lv.重度强袭Ⅱ']"
105,大地暴龙兽,,成熟期,疫苗,火,1,8,速攻,"['亚古兽', '基尔兽', '哈克兽']","['千兆龙兽', '地龙兽', '丧尸暴龙兽', '进升暴龙兽']","('等级：15', 'HP：150', 'SP：', 'ATK：50', 'DEF：', 'INT：', 'SPD：', '友情：', '才能：', '')","('HP：750', 'SP：45', 'ATK：80', 'INT：25', 'DEF：40', 'SPD：60')","('HP：1920', 'SP：133', 'ATK：207', 'INT：103', 'DEF：128', 'SPD：177')","('火灾现场的怪力', 'HP在50%以下时，ATK提升25%.')","[('百万爆破', '对敌方全体发动威力45的火属性物理攻击。')]","['Lv.云雾汽油弹Ⅱ', 'Lv.重度强袭Ⅱ', 'Lv.交叉拳']"
106,大便兽,,成熟期,病毒,土,2,6,铁壁,"['亚古兽', '艾力兽', '芝蒙兽', '积木亚古兽']","['超级流星兽', '悟空兽', '入侵者兽']","('等级：12', 'HP：150', 'SP：', 'ATK：', 'DEF：40', 'INT：', 'SPD：', '友情：', '才能：', '')","('HP：800', 'SP：45', 'ATK：45', 'INT：25', 'DEF：70', 'SPD：40')","('HP：2070', 'SP：152', 'ATK：133', 'INT：113', 'DEF：197', 'SPD：118')","('走为上策', '有逃脱的机会的战斗，绝对能逃脱成功。')","[('大便', '对敌方单体发动威力75的土属性物理攻击，并有30%的机率使对方的SPD降低10%。')]","['Lv.混乱鬼火', 'Lv.智能破坏', 'Lv.梦魇Ⅱ']"
107,星星兽,,成熟期,资料,无,2,6,万能,"['矿石兽', '积木亚古兽', '齿轮兽', '太阳兽']","['捕捉豆豆兽', '新月兽', '超级流星兽', '豆豆兽', '钢铁豆豆兽']","('等级：14', 'HP：150', 'SP：', 'ATK：', 'DEF：35', 'INT：', 'SPD：', '友情：', '才能：', '')","('HP：550', 'SP：45', 'ATK：55', 'INT：42', 'DEF：60', 'SPD：48')","('HP：1620', 'SP：152', 'ATK：153', 'INT：140', 'DEF：158', 'SPD：155')","('正义的团结', '连击的发生、持续机率提升10%')","[('流星风暴', '对敌方全体发动威力40的无属性物理攻击。')]","['Lv.重度强袭Ⅰ', 'Lv.神圣钩爪Ⅱ', 'Lv.力量能源Ⅱ']"
108,飞虫兽,,成熟期,自由,木,1,8,速攻,"['甲虫兽', '夜鹰兽', '幻蜂兽', '虫虫兽']","['地狱使者兽', '大古加兽', '恐蜂兽', '机甲龙兽']","('等级：14', 'HP：', 'SP：', 'ATK：40', 'DEF：', 'INT：', 'SPD：55', '友情：', '才能：', '')","('HP：550', 'SP：40', 'ATK：80', 'INT：35', 'DEF：30', 'SPD：75')","('HP：1720', 'SP：128', 'ATK：207', 'INT：113', 'DEF：118', 'SPD：192')","('自然灵魂', '木属性技能造成的伤害增加15%。')","[('终结刺钉', '对敌方单体发动木属性中威力的DEF贯穿攻击，容易产生爆击。')]","['Lv.新月之叶Ⅱ', 'Lv.狂风暴雨Ⅰ', 'Lv.烈风利爪Ⅱ']"
109,强袭龙兽,,成熟期,疫苗,土,2,6,速攻,"['哥玛兽', 'V仔兽', '单角龙兽']","['电子龙兽', '救星哈克兽', '兽人加鲁鲁']","('等级：', 'HP：', 'SP：', 'ATK：', 'DEF：', 'INT：', 'SPD：', '友情：', '才能：', '')","('HP：570', 'SP：28', 'ATK：88', 'INT：29', 'DEF：43', 'SPD：60')","('HP：1740', 'SP：116', 'ATK：215', 'INT：107', 'DEF：131', 'SPD：177')","('正义的团结', '连击的发生、持续机率提升10%')","[('强袭獠牙', '对敌方单体发动火属性威力90的物理攻击。使对方10%的机率产生眩晕效果。')]","['Lv.流星坠落Ⅰ', 'Lv.守备破坏', 'Lv.马赫突击Ⅱ']"
110,兹巴伊戈兽,,成熟期,疫苗,无,1,8,攻击,"['哈克兽', '兹巴兽']","['银狼兽', '杜兰兽', '死神兽']","('等级：20', 'HP：', 'SP：', 'ATK：50', 'DEF：', 'INT：', 'SPD：50', '友情：', '才能：', '')","('HP：580', 'SP：28', 'ATK：85', 'INT：24', 'DEF：68', 'SPD：62')","('HP：1750', 'SP：106', 'ATK：212', 'INT：102', 'DEF：185', 'SPD：160')","('Legend-Arms', '增加光·暗属性技能的所给予的伤害10%。')","[('旋斩尾刀', '对敌方单体发动无属性威力15的物理攻击4~8次。20%的机率能使自我的ATK上升10%。')]","['Lv.马赫突击Ⅰ', 'Lv.重度强袭Ⅱ', 'Lv.爆击填充']"
111,冰巫师兽,,成熟期,疫苗,水,1,8,魔防,"['小妖兽', '哥玛兽', '小狗兽']","['玉兔兽', '妖精兽', '贤者兽']","('等级：16', 'HP：', 'SP：40', 'ATK：', 'DEF：', 'INT：40', 'SPD：', '友情：', '才能：', '')","('HP：500', 'SP：65', 'ATK：25', 'INT：85', 'DEF：44', 'SPD：46')","('HP：1570', 'SP：182', 'ATK：103', 'INT：212', 'DEF：142', 'SPD：134')","('心头灭却', '不会陷入混乱状态')","[('冰晶云', '对敌方全体发动威力30的水属性魔法攻击。')]","['Lv.发电水流Ⅱ', 'Lv.反射镜', 'Lv.X治愈']"
112,坦克兽,,成熟期,资料,雷,2,6,防御,"['亚古兽（黑）', '穿山兽', '矿石兽']","['安杜路兽', '千兆龙兽', '炮蜂兽', '骑士兽', '火山兽']","('等级：14', 'HP：', 'SP：', 'ATK：', 'DEF：55', 'INT：', 'SPD：', '友情：', '才能：', '')","('HP：450', 'SP：35', 'ATK：60', 'INT：45', 'DEF：78', 'SPD：42')","('HP：1430', 'SP：133', 'ATK：167', 'INT：152', 'DEF：205', 'SPD：120')","('铁壁的守护', 'DEF提升15%。')","[('高压加农炮', '对敌方单体发动威力200的火属性物理攻击，使用后将因反作用力而无法行动1回合。')]","['Lv.奈米机械破坏Ⅱ', 'Lv.命中填充', 'Lv.眩晕冲击']"
113,泥熊兽,泥人兽,成熟期,资料,土,2,6,万能,"['巴鲁兽', '蘑菇兽', '黑大耳兽']","['陨石兽', '熊猫兽', '南瓜兽']","('等级：14', 'HP：150', 'SP：', 'ATK：', 'DEF：40', 'INT：', 'SPD：', '友情：', '才能：', '')","('HP：660', 'SP：43', 'ATK：52', 'INT：48', 'DEF：50', 'SPD：46')","('HP：1730', 'SP：150', 'ATK：150', 'INT：146', 'DEF：148', 'SPD：153')","('动物竞技场', '土属性技能造成的伤害增加15%。')","[('巨重拳', '对敌方单体发动土属性威力85的物理攻击。10%的机率能夠减少对方的DEF 10%。')]","['Lv.彗星重锤', 'Lv.灵气', 'Lv.地牛翻身Ⅰ']"
114,巨龙兽,,成熟期,资料,火,2,6,攻击,"['亚古兽', '亚古兽（黑）', '基尔兽']","['豆豆兽', '超蛇龙兽', '机械暴龙兽（蓝）', '钢铁巨龙兽']","('等级：14', 'HP：150', 'SP：', 'ATK：40', 'DEF：', 'INT：', 'SPD：', '友情：', '才能：', '')","('HP：650', 'SP：20', 'ATK：85', 'INT：20', 'DEF：67', 'SPD：48')","('HP：1820', 'SP：98', 'ATK：212', 'INT：98', 'DEF：184', 'SPD：146')","('威吓', '发动攻击时，有10%的机率使对方眩晕。')","[('火焰吐息', '对敌方单体发动威力90的火属性物理攻击，容易产生爆击。')]","['Lv.加速增幅器', 'Lv.云雾汽油弹Ⅱ', 'Lv.重度强袭Ⅱ']"
115,迪路兽,,成熟期,疫苗,光,1,8,智力,"['大耳兽', '巴达兽', '小狗兽', '露娜兽']","['天女兽', '人面战鹰兽', '熊猫兽', '花仙兽']","('等级：16', 'HP：', 'SP：', 'ATK：', 'DEF：', 'INT：40', 'SPD：', '友情：25%', '才能：', '')","('HP：250', 'SP：80', 'ATK：30', 'INT：80', 'DEF：35', 'SPD：65')","('HP：1030', 'SP：207', 'ATK：108', 'INT：207', 'DEF：123', 'SPD：182')","('神圣环', 'HP回复效果增加20%。')","[('猫猫拳', '给予敌方单体150的固定伤害，并有60%的机率使对方混乱。')]","['Lv.神圣之光Ⅱ', 'Lv.灵气', 'Lv.复活']"
116,恶魔兽,,成熟期,病毒,暗,1,8,双刀,"['德古兽', '小恶魔兽', '光明兽', '黑大耳兽']","['地狱使者兽', '吸血魔兽', '丧尸撒旦兽', '蓝色火焰兽', '机械暴龙兽（蓝）']","('等级：16', 'HP：', 'SP：', 'ATK：40', 'DEF：', 'INT：', 'SPD：', '友情：', '才能：5', '')","('HP：500', 'SP：45', 'ATK：75', 'INT：67', 'DEF：40', 'SPD：48')","('HP：1480', 'SP：143', 'ATK：192', 'INT：184', 'DEF：128', 'SPD：146')","('噩梦军团', '暗属性技能造成的伤害增加15%。')","[('死亡之爪', '给予敌方单体200的固定伤害，并吸取20%HP。')]","['Lv.破坏加农Ⅱ', 'Lv.物理耗竭', 'Lv.地狱粉碎Ⅰ']"
117,兔爷兽,兔儿爷兽,成熟期,病毒,暗,1,8,速攻,"['妖狐兽', '黑大耳兽']","['玉兔兽', '电子龙兽', '熊仔兽']","('等级：', 'HP：', 'SP：', 'ATK：', 'DEF：', 'INT：', 'SPD：', '友情：', '才能：', '')","('HP：560', 'SP：34', 'ATK：67', 'INT：39', 'DEF：47', 'SPD：62')","('HP：1730', 'SP：122', 'ATK：194', 'INT：117', 'DEF：135', 'SPD：179')","('动物竞技场', '土属性技能造成的伤害增加15%。')","[('岩兔烈斗', '对敌方单体发动无属性威力30的物理攻击3次。容易产生CRT。')]","['Lv.彗星重锤Ⅱ', 'Lv.爆击填充', 'Lv.马赫突击Ⅰ']"
118,仙人掌兽,,成熟期,资料,木,1,8,HP,"['迦奥兽', '巴鲁兽', '幻蜂兽', '拉拉兽']","['音速迦奥迦兽', '花仙兽', '南瓜兽']","('等级：16', 'HP：300', 'SP：', 'ATK：', 'DEF：30', 'INT：', 'SPD：', '友情：25', '才能：', '')","('HP：700', 'SP：40', 'ATK：55', 'INT：44', 'DEF：60', 'SPD：46')","('HP：1970', 'SP：128', 'ATK：162', 'INT：142', 'DEF：167', 'SPD：134')","('剧毒的荆棘', '发动攻击时，有10%的机率使对方中毒。')","[('尖尖碰碰拳', '对敌方全体发动威力40的木属性物理攻击，并有5%的机率使对方麻痹。')]","['Lv.新月之叶Ⅱ', 'Lv.反麻痹', 'Lv.麻痹电网']"
119,多路加兽,,成熟期,资料,土,1,8,速攻,"['加支兽', '加布兽', '多路兽', '单角龙兽']","['黄金剑士兽', '麒麟兽', '多路龙兽', '进升暴龙兽']","('等级：14', 'HP：', 'SP：', 'ATK：40', 'DEF：', 'INT：', 'SPD：40', '友情：', '才能：', '')","('HP：600', 'SP：40', 'ATK：75', 'INT：30', 'DEF：45', 'SPD：65')","('HP：1770', 'SP：128', 'ATK：202', 'INT：108', 'DEF：133', 'SPD：182')","('蓄力的一击', 'CRT提升15%。')","[('强力金属弹', '对敌方单体发动威力90的无属性物理攻击，并有30%的机率使自己的ATK提升10%。')]","['Lv.彗星重锤Ⅱ', 'Lv.守备填充', 'Lv.速度填充']"
120,亚伯兽,什么兽,成熟期,病毒,土,2,6,防御,"['艾力兽', '加支兽', '野人兽', '芝蒙兽']","['蛋蛋兽', '超级流星兽', '陨石兽']","('等级：12', 'HP：', 'SP：', 'ATK：40', 'DEF：40', 'INT：', 'SPD：', '友情：', '才能：', '')","('HP：580', 'SP：35', 'ATK：55', 'INT：45', 'DEF：70', 'SPD：42')","('HP：1560', 'SP：133', 'ATK：162', 'INT：152', 'DEF：197', 'SPD：120')","('屹立不摇', '不会陷入眩晕状态')","[('粪便灌篮', '对敌方单体发动威力80的土属性物理攻击，并有30%的机率使对方的DEF降低10%。')]","['Lv.彗星重锤Ⅱ', 'Lv.攻击破坏', 'Lv.晕眩冲击']"
121,鼻涕兽,,成熟期,病毒,土,2,6,铁壁,"['蝌蚪兽', '加布兽', '比特兽']","['黑帝鼻涕兽', '悟空兽', '熊仔兽']","('等级：12', 'HP：150', 'SP：', 'ATK：', 'DEF：40', 'INT：', 'SPD：', '友情：', '才能：', '')","('HP：750', 'SP：46', 'ATK：40', 'INT：25', 'DEF：75', 'SPD：44')","('HP：2020', 'SP：153', 'ATK：128', 'INT：113', 'DEF：202', 'SPD：122')","('捡拾', '增加敌人掉落道具的机率。')","[('大便投掷', '对敌方单体发动威力75的土属性物理攻击，并有30%的机率使对方的ATK降低10%。')]","['Lv.剧毒陷阱', 'Lv.速度破坏', 'Lv.寒冰之箭Ⅱ']"
122,巴多拉兽,,成熟期,疫苗,火,1,8,速度,"['巴达兽', '比丘兽', '麻鹰兽']","['飞行V龙兽', '伽楼达兽', '麒麟兽', '仙鹰兽', '八咫鸦兽', '炎龙兽']","('等级：14', 'HP：', 'SP：40', 'ATK：', 'DEF：', 'INT：40', 'SPD：40', '友情：', '才能：', '')","('HP：500', 'SP：60', 'ATK：45', 'INT：60', 'DEF：35', 'SPD：65')","('HP：1380', 'SP：167', 'ATK：143', 'INT：158', 'DEF：133', 'SPD：192')","('不死鸟之羽', '不会陷入即死状态')","[('陨石巨翼', '对敌方全体发动威力25的火属性魔法攻击，并有10%的机率会使自己的SPD提升10%。')]","['Lv.爆裂火焰Ⅱ', 'Lv.反剧毒', 'Lv.流星坠落Ⅰ']"
123,巴欧哈克兽,刃王哈克兽,成熟期,资料,火,1,8,智力,"['哈克兽', '兹巴兽', '小狗兽']","['银狼兽', '救星哈克兽', '进升暴龙兽']","('等级：16', 'HP：', 'SP：', 'ATK：55', 'DEF：', 'INT：', 'SPD：50', '友情：', '才能：', '')","('HP：600', 'SP：33', 'ATK：77', 'INT：27', 'DEF：73', 'SPD：55')","('HP：1380', 'SP：160', 'ATK：155', 'INT：154', 'DEF：161', 'SPD：172')","('战斗天分', 'HP在10%以下时，ATK提升50%。')","[('五连十字', '对敌方单体发动土属性威力55的物理攻击2次。ACU90%。')]","['Lv.攻击填充', 'Lv.重度强袭Ⅱ', 'Lv.流星坠落Ⅱ']"
124,猛鬼兽,鬼怪兽,成熟期,病毒,暗,2,6,智力,"['小妖兽', '哈哈兽', '小恶魔兽']","['吸血魔兽', '南瓜兽', '死神兽', '蓝色火焰兽', '斗牛士兽', '女恶魔兽']","('等级：13', 'HP：', 'SP：40', 'ATK：', 'DEF：', 'INT：30', 'SPD：', '友情：', '才能：', '')","('HP：200', 'SP：85', 'ATK：25', 'INT：75', 'DEF：30', 'SPD：70')","('HP：980', 'SP：212', 'ATK：103', 'INT：202', 'DEF：118', 'SPD：187')","('奇异的舞蹈', '发动攻击时，有10%的机率使对方混乱。')","[('死亡魅惑', '减少敌方单体10%HP。')]","['Lv.梦魇Ⅱ', 'Lv.敏捷填充', 'Lv.物理耗竭']"
125,V龙兽,,成熟期,疫苗,风,1,8,攻击,"['加布兽', '天龙兽', 'V仔兽', '小狗兽']","['飞行V龙兽', '电子龙兽', '钢铁巨龙兽', '大古拉兽']","('等级：', 'HP：', 'SP：', 'ATK：', 'DEF：', 'INT：', 'SPD：', '友情：', '才能：', '')","('HP：600', 'SP：45', 'ATK：75', 'INT：25', 'DEF：55', 'SPD：65')","('HP：1770', 'SP：123', 'ATK：202', 'INT：103', 'DEF：172', 'SPD：163')","('龙之愤怒', 'ATK提升15%。')","[('V疾风矢', '对敌方单体发动威力110的火属性物理攻击，使用后将因反作用力而受到HP5%的伤害。')]","['Lv.烈风利爪Ⅱ', 'Lv.正极锁链', 'Lv.神圣钩爪Ⅱ']"
126,羽蝶兽,,成熟期,自由,木,1,8,万能,['虫虫兽'],"['丁香兽', '花仙兽', '炮蜂兽']","('等级：15', 'HP：', 'SP：40', 'ATK：', 'DEF：', 'INT：', 'SPD：40', '友情：100', '才能：', '骇客追忆通关')","('HP：450', 'SP：58', 'ATK：60', 'INT：64', 'DEF：36', 'SPD：62')","('HP：1520', 'SP：165', 'ATK：158', 'INT：162', 'DEF：134', 'SPD：169')","('无限之夢', '降低受到异常状态的机率10%，每一回合回复HP5%。')","[('无限之梦', '全体敌人各50%的机率会产生剧毒、混乱、麻痹的异常状态。'), ('飞踢', '对敌方单体发动木属性威力95的物理攻击')]","['Lv10.盖亚元素Ⅱ', 'Lv18.符文之森Ⅰ', 'Lv25.灵气']"
127,白金大便兽,,成熟期,病毒,无,2,6,速度,"['哈哈兽', '齿轮兽', '哈克兽']","['悟空兽', '捕捉豆豆兽', '入侵者兽', '钢铁豆豆兽']","('等级：20', 'HP：', 'SP：', 'ATK：', 'DEF：', 'INT：', 'SPD：', '友情：', '才能：', '')","('HP：10', 'SP：45', 'ATK：35', 'INT：1', 'DEF：999', 'SPD：40')","('HP：890', 'SP：152', 'ATK：133', 'INT：99', 'DEF：999', 'SPD：167')","('白金服务', '增加在战斗中所获得的EXP。')","[('稀有金属大便', '对敌方单体发动威力80的土属性物理攻击，并产生击退效果。')]","['Lv.反bug', 'Lv.智能破坏', 'Lv.角色倒置']"
128,黑迪路兽,黑暗迪路兽,成熟期,病毒,暗,1,8,智力,"['小妖兽', '芝蒙兽', '妖狐兽', '黑大耳兽']","['电子龙兽', '骑士兽', '女恶魔兽', '黑兽人加鲁鲁']","('等级：16', 'HP：', 'SP：', 'ATK：', 'DEF：', 'INT：40', 'SPD：', '友情：25', '才能：', '')","('HP：300', 'SP：70', 'ATK：45', 'INT：70', 'DEF：40', 'SPD：60')","('HP：1080', 'SP：197', 'ATK：123', 'INT：197', 'DEF：128', 'SPD：177')","('噩梦军团', '暗属性技能造成的伤害增加15%。')","[('猫猫拳', '给予敌方单体150的固定伤害，并有60%的机率使对方混乱。')]","['Lv.梦魇Ⅱ', 'Lv.雄伟巨石Ⅱ', 'Lv.力量能源Ⅱ']"
129,鼻屎兽,野菜兽,成熟期,病毒,木,2,6,HP,"['加布兽（黑）', '巴鲁兽', '比特兽', '蘑菇兽', '拉拉兽']","['蛋蛋兽', '丁香兽', '超比多兽']","('等级：12', 'HP：300', 'SP：', 'ATK：', 'DEF：', 'INT：', 'SPD：', '友情：', '才能：', '')","('HP：750', 'SP：35', 'ATK：60', 'INT：38', 'DEF：53', 'SPD：44')","('HP：2020', 'SP：123', 'ATK：167', 'INT：136', 'DEF：160', 'SPD：132')","('自然灵魂', '木属性技能造成的伤害增加15%。')","[('超恶臭喷射', '对敌方全体发动威力20的土属性魔法攻击，并有30%的机率使对方的SPD降低10%。')]","['Lv.盖亚元素Ⅱ', 'Lv.速度破坏', 'Lv.剧毒陷阱']"
130,锐啄兽,啄木鸟兽,成熟期,疫苗,风,1,8,速度,"['管狐兽', '夜鹰兽', '麻鹰兽']","['玉兔兽', '妖精兽', '八咫鸦兽']","('等级：14', 'HP：', 'SP：', 'ATK：', 'DEF：', 'INT：', 'SPD：50', '友情：', '才能：', '')","('HP：350', 'SP：60', 'ATK：55', 'INT：45', 'DEF：35', 'SPD：85')","('HP：1230', 'SP：167', 'ATK：153', 'INT：143', 'DEF：133', 'SPD：212')","('风之守卫', '风属性技能造成的伤害增加15%。')","[('苦无羽', '对敌方单体发动3次威力30的风属性物理攻击。')]","['Lv.烈风利爪Ⅱ', 'Lv.敏捷填充', 'Lv.疾速逃脱']"
131,火焰兽,燃烧兽,成熟期,资料,火,2,6,攻击,"['亚古兽', '基尔兽', '麻鹰兽', '太阳兽']","['死神火焰兽', '邦加兽', '蓝色火焰兽', '火山兽', '豆豆兽', '炎龙兽']","('等级：14', 'HP：', 'SP：', 'ATK：40', 'DEF：', 'INT：', 'SPD：', '友情：', '才能：', '')","('HP：550', 'SP：30', 'ATK：75', 'INT：40', 'DEF：55', 'SPD：50')","('HP：1720', 'SP：108', 'ATK：202', 'INT：118', 'DEF：172', 'SPD：148')","('龙之怒吼', '火属性技能造成的伤害增加15%。')","[('火焰重拳', '对敌方单体发动威力80的火属性物理攻击，并有30的机率使自己的ATK提升10%。')]","['Lv.攻击填充', 'Lv.云雾汽油弹Ⅱ', 'Lv.爆裂火焰Ⅱ']"
132,角龙兽,,成熟期,资料,土,2,6,攻击,"['亚古兽（黑）', '哈克兽']","['丧尸暴龙兽', '三角龙兽', '钢铁巨龙兽']","('等级：14', 'HP：', 'SP：', 'ATK：55', 'DEF：55', 'INT：', 'SPD：', '友情：', '才能：', '')","('HP：450', 'SP：37', 'ATK：72', 'INT：38', 'DEF：70', 'SPD：43')","('HP：1620', 'SP：115', 'ATK：199', 'INT：116', 'DEF：187', 'SPD：141')","('铁壁的守护', 'DEF提升15%。')","[('火山强击', '对敌方单体发动火属性威力95的物理攻击。')]","['Lv.彗星重锤Ⅱ', 'Lv.加速增幅器', 'Lv.地牛翻身Ⅰ']"
133,雪人兽,,成熟期,疫苗,水,2,6,HP,"['加布兽', '哥玛兽', '小狗兽', '加布兽（黑）']","['天女兽', '新月兽', '祖顿兽', '熊仔兽']","('等级：', 'HP：', 'SP：', 'ATK：', 'DEF：', 'INT：', 'SPD：', '友情：', '才能：', '')","('HP：750', 'SP：39', 'ATK：50', 'INT：50', 'DEF：45', 'SPD：46')","('HP：2020', 'SP：127', 'ATK：157', 'INT：148', 'DEF：152', 'SPD：134')","('深海救星', '水属性技能造成的伤害增加15%。')","[('绝对零度拳', '对敌方单体发动威力80的水属性物理攻击，并有10%的机率使对方眩晕。')]","['Lv.寒冰之箭Ⅱ', 'Lv.大海波浪Ⅰ', 'Lv.灵气']"
134,独角马兽,,成熟期,疫苗,风,2,6,智力,"['大耳兽', '巴达兽']","['妖精兽', '仙鹰兽', '神圣天使兽']","('等级：13', 'HP：', 'SP：', 'ATK：', 'DEF：', 'INT：40', 'SPD：40', '友情：10%', '才能：', '')","('HP：400', 'SP：60', 'ATK：45', 'INT：65', 'DEF：35', 'SPD：60')","('HP：1180', 'SP：187', 'ATK：123', 'INT：192', 'DEF：123', 'SPD：177')","('正义基因', '光属性技能造成的伤害增加15%。')","[('神圣射击', '对敌方单体发动光属性威力75的魔法攻击。有10%机率提升自我INT 10%。')]","['Lv.音速空洞Ⅱ', 'Lv.速度填充', 'Lv.神圣之光Ⅱ']"
135,猛禽龙兽,,成熟期,疫苗,无,2,6,魔防,"['多路兽', '幻蜂兽', '单角龙兽', '龙蛇兽']","['千兆龙兽', '黄金剑士兽', '杜兰兽', '多路龙兽']","('等级：15', 'HP：130', 'SP：', 'ATK：50', 'DEF：', 'INT：', 'SPD：', '友情：', '才能：', '')","('HP：600', 'SP：25', 'ATK：92', 'INT：20', 'DEF：52', 'SPD：56')","('HP：1670', 'SP：142', 'ATK：170', 'INT：147', 'DEF：150', 'SPD：144')","('蓄力的一击', 'CRT提升15%。')","[('金属冲击', '对敌方单体发动无属性威力90的物理攻击。容易产生CRT。')]","['Lv.重度强袭Ⅱ', 'Lv.彗星重锤Ⅱ', 'Lv.晕眩冲击']"
136,烂泥兽,,成熟期,病毒,土,2,6,速度,"['蝌蚪兽', '加布兽（黑）', '芝蒙兽', '德古兽']","['丧尸撒旦兽', '达高兽', '死神兽', '黑帝鼻涕兽', '机械暴龙兽（蓝）']","('等级：12', 'HP：500', 'SP：', 'ATK：', 'DEF：', 'INT：', 'SPD：', '友情：', '才能：', '')","('HP：890', 'SP：30', 'ATK：56', 'INT：39', 'DEF：51', 'SPD：40')","('HP：1770', 'SP：137', 'ATK：154', 'INT：137', 'DEF：149', 'SPD：167')","('捡拾', '增加敌人掉落道具的机率。')","[('烂泥', '对敌方全体发动土属性威力40的物理攻击。使对方10%的机率中剧毒。')]","['Lv.剧毒陷阱', 'Lv.马赫突击Ⅰ', 'Lv.角色倒置']"
137,狮子兽,,成熟期,疫苗,土,1,8,攻击,"['艾力兽', '迦奥兽', '加支兽', '阿卡迪兽成长期']","['陨石兽', '格斗狮子兽', '黄金剑士兽', '邦加兽', '机械暴龙兽']","('等级：16', 'HP：', 'SP：', 'ATK：55', 'DEF：', 'INT：', 'SPD：', '友情：', '才能：', '')","('HP：600', 'SP：30', 'ATK：80', 'INT：32', 'DEF：65', 'SPD：48')","('HP：1770', 'SP：108', 'ATK：207', 'INT：110', 'DEF：182', 'SPD：146')","('动物竞技场', '土属性技能造成的伤害增加15%。')","[('兽王拳', '对敌方单体发动威力95的土属性物理攻击。')]","['Lv.彗星重锤Ⅱ', 'Lv.攻击填充', 'Lv.神圣钩爪Ⅱ']"
138,雷克斯兽,,成熟期,资料,水,2,6,速度,"['妖狐兽', '露娜兽', '修女兽雪白']","['玉兔兽', '新月兽', '音速迦奥迦兽']","('等级：15', 'HP：', 'SP：', 'ATK：35', 'DEF：', 'INT：', 'SPD：40', '友情：', '才能：', '')","('HP：350', 'SP：60', 'ATK：45', 'INT：50', 'DEF：35', 'SPD：80')","('HP：1230', 'SP：167', 'ATK：143', 'INT：148', 'DEF：133', 'SPD：207')","('月下冰刃', '水、光属性技能造成的伤害增加10%。')","[('月夜水弹', '对敌方单体发动水属性威力60的魔法攻击。使对方50%的机率产生睡眠效果。')]","['Lv.寒冰之箭Ⅱ', 'Lv.力量能源Ⅱ', 'Lv.交叉拳']"
139,镰鼬兽,裂破兽,成熟期,疫苗,光,2,6,速度,"['管狐兽', '巴达兽', '小狗兽', '加布兽（黑）', '龙蛇兽']","['拉比兽', '妖精兽', '麒麟兽']","('等级：16', 'HP：', 'SP：', 'ATK：', 'DEF：', 'INT：', 'SPD：40', '友情：', '才能：5', '')","('HP：350', 'SP：65', 'ATK：45', 'INT：50', 'DEF：50', 'SPD：80')","('HP：1230', 'SP：172', 'ATK：143', 'INT：148', 'DEF：148', 'SPD：207')","('神秘的守护', '陷入异常状态的机率降低50%。')","[('驱驱裂空斩', '对敌方单体发动2~4次威力30的风属性物理攻击。')]","['Lv.神圣钩爪Ⅱ', 'Lv.闪耀雷射Ⅰ', 'Lv.灵气']"
140,雀蜂兽,胡蜂兽,成熟期,病毒,雷,2,6,速攻,"['甲虫兽', '多路兽', '幻蜂兽', '虫虫兽']","['炮蜂兽', '拉比兽', '超比多兽', '大古加兽']","('等级：14', 'HP：', 'SP：', 'ATK：40', 'DEF：', 'INT：', 'SPD：40', '友情：', '才能：', '')","('HP：600', 'SP：30', 'ATK：70', 'INT：35', 'DEF：55', 'SPD：55')","('HP：1770', 'SP：118', 'ATK：197', 'INT：113', 'DEF：143', 'SPD：172')","('皇家突击队', '发动攻击时，有10%的机率使对方麻痹。')","[('涡轮螯针', '对敌方单体发动4次王威力25的雷属性物理攻击。')]","['Lv.奈米机械破坏Ⅱ', 'Lv.命中填充', 'Lv.麻痹电网']"
141,超比多兽,,完全体,疫苗,木,2,12,铁壁,"['比多兽', '鼻屎兽', '雀蜂兽']","['究极古加兽', '圣龙兽', '力神比多兽']","('等级：28', 'HP：400', 'SP：', 'ATK：', 'DEF：95', 'INT：', 'SPD：', '友情：', '才能：', '')","('HP：800', 'SP：62', 'ATK：50', 'INT：65', 'DEF：100', 'SPD：53')","('HP：2070', 'SP：169', 'ATK：138', 'INT：153', 'DEF：227', 'SPD：131')","('麻痹如水流', '不会陷入麻痹状态')","[('超大角炮', '对敌方单体发动雷属性高威力的INT贯穿攻击。')]","['Lv.符文之森Ⅰ', 'Lv.速度破坏', 'Lv.盖亚元素Ⅲ', 'Lv.符文之森Ⅱ']"
142,阿卡迪兽完全体,,完全体,病毒,暗,3,14,万能,"['冰恶魔兽', '阿卡迪兽成熟期', '魔蛹兽']","['阿卡迪兽究极体', '超恶魔兽', '究极魔兽']","('等级：30', 'HP：', 'SP：', 'ATK：110', 'DEF：', 'INT：85', 'SPD：', '友情：', '才能：', '骇客追忆通关')","('HP：600', 'SP：67', 'ATK：108', 'INT：70', 'DEF：50', 'SPD：85')","('HP：1670', 'SP：174', 'ATK：206', 'INT：168', 'DEF：148', 'SPD：192')","('理想乡', '降低受到即死效果的机率50%，提升CRT发生率10%。')","[('点之矩阵', '对敌方单体发动无属性高威力的DEF贯穿攻击。吸取30%的HP。')]","['Lv15.死亡召唤', 'Lv25.攻击破坏', 'Lv35.烈风利爪Ⅱ', 'Lv45.神圣钩爪Ⅱ']"
143,玉兔兽,,完全体,资料,无,3,12,速度,"['加鲁哥兽', '兔爷兽', '冰巫师兽', '锐啄兽', '雷克斯兽']","['基路比兽善', '超恶魔兽', '狄安娜兽', '基路比兽恶']","('等级：28', 'HP：', 'SP：', 'ATK：65', 'DEF：', 'INT：75', 'SPD：85', '友情：', '才能：', '')","('HP：500', 'SP：70', 'ATK：75', 'INT：65', 'DEF：60', 'SPD：105')","('HP：1380', 'SP：177', 'ATK：173', 'INT：163', 'DEF：158', 'SPD：232')","('冥想', '每回合回复最大HP的6%。')","[('万斧斩', '对敌方单体发动2次威力60的风属性物理攻击。')]","['Lv.马赫突击Ⅰ', 'Lv.反麻痹', 'Lv.马赫突击Ⅱ', 'Lv.力量能源Ⅲ']"
144,安杜路兽,机械人兽,完全体,疫苗,雷,3,12,防御,"['守卫兽', '守卫兽（金）', '时钟兽', '希拉兽', '坦克兽']","['颅骨兽', '高级安杜路兽', '虎蜂兽']","('等级：28', 'HP：', 'SP：', 'ATK：75', 'DEF：75', 'INT：75', 'SPD：', '友情：', '才能：', '')","('HP：550', 'SP：45', 'ATK：80', 'INT：80', 'DEF：94', 'SPD：56')","('HP：1530', 'SP：143', 'ATK：187', 'INT：187', 'DEF：221', 'SPD：134')","('钢铁帝国', '雷属性技能造成的伤害增加15%。')","[('旋转能量剑', '对敌方单体发动威力110的雷属性物理攻击，容易产生爆击。')]","['Lv.正极锁链', 'Lv.灵气', 'Lv.奈米机械破坏Ⅲ', 'Lv.音速空洞Ⅲ']"
145,陨石兽,,完全体,资料,土,3,12,防御,"['冰石兽', '战甲兽', '岩石兽', '泥熊兽', '亚伯兽', '狮子兽']","['外星兽', '钢铁悟空兽', '狄安娜兽']","('等级：26', 'HP：', 'SP：', 'ATK：', 'DEF：110', 'INT：', 'SPD：', '友情：', '才能：', '')","('HP：600', 'SP：55', 'ATK：70', 'INT：75', 'DEF：100', 'SPD：50')","('HP：1580', 'SP：153', 'ATK：177', 'INT：182', 'DEF：227', 'SPD：128')","('动物竞技场', '土属性技能造成的伤害增加15%。')","[('宇宙闪光', '对敌方全体发动威力75的无属性魔法攻击。')]","['Lv.地牛翻身Ⅰ', 'Lv.流星坠落Ⅰ', 'Lv.雄伟巨石Ⅲ', 'Lv.力量能源Ⅲ']"
146,地狱使者兽,,完全体,自由,暗,3,14,速攻,"['魔蛹兽', '飞虫兽', '恶魔兽', '阿卡迪兽成熟期']","['堕天地狱兽', '超恶魔兽', '究极吸血魔兽', '阿卡迪兽究极体']","('等级：30', 'HP：', 'SP：', 'ATK：95', 'DEF：', 'INT：', 'SPD：80', '友情：', '才能：', '')","('HP：750', 'SP：55', 'ATK：135', 'INT：35', 'DEF：45', 'SPD：95')","('HP：1920', 'SP：143', 'ATK：262', 'INT：113', 'DEF：133', 'SPD：212')","('破坏神', '发动攻击时，有10%的机率使对方立即死亡。')","[('地狱榴弹', '对敌方单体发动4次威力30的火属性物理攻击，并有50%的机率使对方的DEF降低10%。')]","['Lv.破坏加农Ⅱ', 'Lv.死亡召唤', 'Lv.马赫突击Ⅱ', 'Lv.破坏加农Ⅲ']"
147,吸血魔兽,,完全体,病毒,暗,3,14,双刀,"['冰恶魔兽', '巫师兽', '血狼兽', '恶魔兽', '猛鬼兽']","['究极吸血魔兽', '大德古兽', '巴尔巴兽', '小丑皇', '阿卡迪兽究极体']","('等级：30', 'HP：', 'SP：', 'ATK：70', 'DEF：', 'INT：90', 'SPD：', '友情：', '才能：10', '')","('HP：800', 'SP：64', 'ATK：90', 'INT：90', 'DEF：55', 'SPD：61')","('HP：1780', 'SP：162', 'ATK：207', 'INT：207', 'DEF：143', 'SPD：159')","('噩梦军团', '暗属性技能造成的伤害增加15%。')","[('夜魔飞袭', '对敌方全体发动威力65的暗属性魔法攻击，并吸收15%HP。')]","['Lv.地狱粉碎Ⅰ', 'Lv.精神耗竭', 'Lv.梦魇Ⅲ', 'Lv.破坏加农Ⅲ']"
148,翼龙兽,,完全体,疫苗,风,3,14,速攻,"['飞龙兽', 'V仔兽EX', '核龙兽蓝']","['究极V龙兽', '斩龙兽', '杜纳斯兽']","('等级：30', 'HP：', 'SP：', 'ATK：80', 'DEF：', 'INT：', 'SPD：95', '友情：', '才能：10', '')","('HP：800', 'SP：45', 'ATK：100', 'INT：50', 'DEF：65', 'SPD：100')","('HP：1970', 'SP：133', 'ATK：227', 'INT：128', 'DEF：153', 'SPD：217')","('天龙', '增加风属性技能所给予的伤害，且SPD也增加10%。')","[('超音炽热息', '对敌方单体发动火属性威力100的物理攻击。能夠提升自我的SPD 10%。')]","['Lv.速度破坏', 'Lv.马赫突击Ⅱ', 'Lv.烈风利爪Ⅲ', 'Lv.狂风暴雨Ⅱ']"
149,炎龙兽,,完全体,自由,火,3,14,速度,"['火神兽', '古拉兽', '巴多拉兽', '火焰兽']",['凯撒暴龙兽'],"('等级：30', 'HP：500', 'SP：', 'ATK：120', 'DEF：60', 'INT：', 'SPD：', '友情：', '才能：', '兽型斗士精神拥有')","('HP：820', 'SP：45', 'ATK：120', 'INT：46', 'DEF：82', 'SPD：65')","('HP：1700', 'SP：152', 'ATK：218', 'INT：144', 'DEF：180', 'SPD：192')","('野兽斗士精神', 'ATK上升20%，SPD减少10%。')","[('炎龙扫射', '对敌方单体发动火属性威力30的物理攻击3~6次。')]","['Lv15.加速增幅器', 'Lv25.云雾汽油弹Ⅲ', 'Lv35.地牛翻身Ⅱ', 'Lv45.流星坠落Ⅱ']"
150,飞行V龙兽,,完全体,疫苗,风,1,14,速攻,"['亚古拉兽', '核龙兽蓝', '巴多拉兽', 'V龙兽']","['究极V龙兽', '神龙兽', '杜纳斯兽', '鸦神兽']","('等级：30', 'HP：', 'SP：', 'ATK：75', 'DEF：', 'INT：', 'SPD：95', '友情：25', '才能：', '')","('HP：850', 'SP：50', 'ATK：100', 'INT：55', 'DEF：55', 'SPD：95')","('HP：2020', 'SP：138', 'ATK：227', 'INT：133', 'DEF：143', 'SPD：212')","('神速', '战斗开始时必定能先采取行动。（本技能只影响本人）')","[('神龙冲击', '对敌方单体发动风属性威力250的物理攻击。使用后因反作用力受到HP50%的伤害。')]","['Lv.正极锁链', 'Lv.速度填充', 'Lv.烈风利爪Ⅲ', 'Lv.神圣钩爪Ⅲ']"
151,悟空兽,猿猴兽,完全体,病毒,暗,3,12,万能,"['大便兽', '鼻涕兽', '白金大便兽', '庸俗兽']","['大王悟空兽', '摔角火山兽', '小丑皇', '白金鼻涕兽', '钢铁悟空兽']","('等级：26', 'HP：', 'SP：75', 'ATK：', 'DEF：75', 'INT：', 'SPD：65', '友情：', '才能：', '')","('HP：600', 'SP：80', 'ATK：55', 'INT：80', 'DEF：70', 'SPD：80')","('HP：1670', 'SP：187', 'ATK：153', 'INT：178', 'DEF：168', 'SPD：187')","('强化猴子装', '受到的物理伤害减少15%。')","[('爱心光线', '对敌方全体发动暗属性中威力的INT贯穿攻击，并有20%的机率使对方麻痹。')]","['Lv.地狱粉碎Ⅰ', 'Lv.疾速逃脱', 'Lv.反射镜', 'Lv.梦魇Ⅲ']"
152,天女兽,,完全体,疫苗,光,3,14,智力,"['向日葵兽', '迪路兽', '雪人兽']","['圣龙兽', '神圣天女兽', '混沌神魔兽', '女战神兽']","('等级：30', 'HP：', 'SP：75', 'ATK：', 'DEF：', 'INT：100', 'SPD：', '友情：', '才能：10', '')","('HP：500', 'SP：100', 'ATK：30', 'INT：125', 'DEF：50', 'SPD：85')","('HP：1280', 'SP：227', 'ATK：108', 'INT：252', 'DEF：138', 'SPD：202')","('神圣环', 'HP回复效果增加20%。')","[('神圣弓箭', '对敌方单体发动威力100的光属性魔法攻击，必定命中。解除敌方的基本状态强化。')]","['Lv.闪耀雷射Ⅰ', 'Lv.灵气', 'Lv.复活', 'Lv.神圣之光Ⅲ']"
153,大古加兽,,完全体,病毒,木,3,12,攻击,"['古加兽', '飞虫兽', '雀蜂兽']","['超恶魔兽', '究极古加兽', '力神比多兽']","('等级：26', 'HP：', 'SP：', 'ATK：95', 'DEF：90', 'INT：', 'SPD：', '友情：', '才能：', '')","('HP：750', 'SP：35', 'ATK：95', 'INT：35', 'DEF：100', 'SPD：70')","('HP：1920', 'SP：113', 'ATK：222', 'INT：113', 'DEF：217', 'SPD：168')","('自然灵魂', '木属性技能早晨的歌伤害增加15%。')","[('亚米加剪刀臂', '对敌方单体发动无属性高威力的DEF贯穿攻击。')]","['Lv.闪电坠击Ⅰ', 'Lv.剧毒陷阱', 'Lv.命中填充', 'Lv.新月之叶Ⅲ']"
154,伽楼达兽,,完全体,疫苗,火,3,12,速度,"['亚古拉兽', '天使兽', '巴多拉兽']","['瓦尔德兽', '狮鹫兽', '裁决兽', '凤凰兽', '鸦神兽']","('等级：30', 'HP：', 'SP：', 'ATK：75', 'DEF：', 'INT：', 'SPD：75', '友情：', '才能：', '')","('HP：600', 'SP：70', 'ATK：75', 'INT：80', 'DEF：60', 'SPD：80')","('HP：1480', 'SP：177', 'ATK：173', 'INT：178', 'DEF：158', 'SPD：207')","('不死鸟之羽', '不会陷入即死状态')","[('影翼斩', '对敌方全体发动威力75的火属性魔法攻击。')]","['Lv15.流星坠落Ⅰ', 'Lv25.狂风暴雨Ⅰ', 'Lv35.爆裂火焰Ⅲ', 'Lv45.反射镜']"
155,银狼兽,,完全体,自由,光,2,14,铁壁,"['野狼兽', '血狼兽', '兹巴伊戈兽', '巴欧哈克兽']",['铠甲加鲁鲁兽'],"('等级：30', 'HP：300', 'SP：', 'ATK：100', 'DEF：', 'INT：', 'SPD：85', '友情：', '才能：', '兽型斗士精神拥有')","('HP：780', 'SP：52', 'ATK：100', 'INT：60', 'DEF：65', 'SPD：85')","('HP：2050', 'SP：159', 'ATK：188', 'INT：148', 'DEF：192', 'SPD：163')","('野兽斗士精神', 'ATK上升20%，SPD减少10%。')","[('流星快刀斩', '对敌方单体发动光属性威力90的物理攻击。能夠提升自我的SPD 20%。')]","['Lv15.烈风利爪Ⅱ', 'Lv25.狂风暴雨Ⅰ', 'Lv35.神圣钩爪Ⅲ', 'Lv45.速度填充力场']"
156,千兆龙兽,,完全体,病毒,风,3,12,防御,"['古拉兽', '大地暴龙兽', '坦克兽', '猛禽龙兽']","['超级火车兽', '暗龙兽', '多路战龙兽', '破灭魔龙兽', '钢铁海龙兽', '机械邪龙兽']","('等级：26', 'HP：800', 'SP：', 'ATK：75', 'DEF：95', 'INT：', 'SPD：', '友情：', '才能：', '')","('HP：750', 'SP：45', 'ATK：84', 'INT：60', 'DEF：85', 'SPD：61')","('HP：1730', 'SP：143', 'ATK：191', 'INT：167', 'DEF：212', 'SPD：139')","('铁壁的守护', 'DEF提升15%。')","[('种族灭绝飞弹', '对敌方全体发动威力80的火属性物理攻击。')]","['Lv15.晕眩冲击', 'Lv25.云雾汽油弹Ⅱ', 'Lv35.烈风利爪Ⅲ', 'Lv45.天国闪电Ⅲ']"
157,捕捉豆豆兽,,完全体,资料,雷,3,10,双刀,"['守卫兽', '星星兽', '白金大便兽']","['裁决兽', '木偶兽', '王子豆豆兽']","('等级：26', 'HP：700', 'SP：', 'ATK：', 'DEF：85', 'INT：', 'SPD：', '友情：', '才能：', '')","('HP：930', 'SP：60', 'ATK：65', 'INT：37', 'DEF：90', 'SPD：55')","('HP：1910', 'SP：158', 'ATK：182', 'INT：154', 'DEF：178', 'SPD：153')","('全天作战机器', '不会陷入睡眠状态')","[('幻影炸弹', '对敌方单体发动火属性威力130的物理攻击，或隨机向对方使出液晶化的异常状态攻击。')]","['Lv.晕眩冲击', 'Lv.流星坠落Ⅰ', 'Lv.麻痹电网', 'Lv.奈米机械破坏Ⅲ']"
158,炮蜂兽,,完全体,病毒,雷,3,12,速度,"['古加兽', '坦克兽', '雀蜂兽', '羽蝶兽', '银龙兽']","['撒多格杜兽', '超级火车兽', '虎蜂兽']","('等级：28', 'HP：', 'SP：', 'ATK：', 'DEF：75', 'INT：', 'SPD：75', '友情：', '才能：', '')","('HP：550', 'SP：70', 'ATK：80', 'INT：50', 'DEF：90', 'SPD：80')","('HP：1430', 'SP：177', 'ATK：178', 'INT：148', 'DEF：188', 'SPD：207')","('皇家突击队', '发动攻击时，有10%的机率使对方麻痹。')","[('硝基毒针', '对敌方单体发动雷属性高威力的DEF贯穿攻击。')]","['Lv.闪电坠击Ⅰ', 'Lv.流星坠落Ⅰ', 'Lv.奈米机械破坏Ⅲ', 'Lv.混乱鬼火']"
159,地龙兽,,完全体,病毒,土,3,14,攻击,"['战甲兽', '核龙兽绿', '大地暴龙兽']","['维京毛人兽', '破坏龙兽', '破灭魔龙兽']","('等级：30', 'HP：400', 'SP：', 'ATK：125', 'DEF：', 'INT：', 'SPD：', '友情：', '才能：10', '')","('HP：850', 'SP：45', 'ATK：135', 'INT：35', 'DEF：85', 'SPD：55')","('HP：2020', 'SP：123', 'ATK：262', 'INT：113', 'DEF：202', 'SPD：153')","('地龙', '增加土属性技能所给予的伤害，且ATK也增加10%。')","[('粉碎铁屑拳', '对敌方单体发动土属性威力110的物理攻击。容易产生CRT。')]","['Lv.地牛翻身Ⅰ', 'Lv.交叉拳', 'Lv.彗星重锤Ⅲ', 'Lv.地牛翻身Ⅱ']"
160,格斗狮子兽,,完全体,疫苗,雷,3,12,速攻,"['守卫兽', '迦奥迦兽', '狮子兽']","['黄金剑狮兽', '芳香兽', '摔角火山兽', '番长狮子兽']","('等级：26', 'HP：400', 'SP：', 'ATK：95', 'DEF：', 'INT：', 'SPD：', '友情：', '才能：', '')","('HP：1000', 'SP：45', 'ATK：100', 'INT：40', 'DEF：55', 'SPD：85')","('HP：2170', 'SP：133', 'ATK：227', 'INT：118', 'DEF：143', 'SPD：202')","('野性的鼓动', 'SPD提升15%。')","[('狮子兽波斩', '对敌方单体发动1~3次威力55的风属性物理攻击，并有40%的机率使对方眩晕。')]","['Lv.闪电坠击Ⅰ', 'Lv.敏捷填充', 'Lv.奈米机械破坏Ⅲ', 'Lv.交叉拳']"
161,黄金剑士兽,等级兽,完全体,疫苗,无,3,12,双刀,"['守卫兽（金）', '多路加兽', '猛禽龙兽', '狮子兽']","['阿尔法兽', '虎蜂兽', '杜兰达兽', '多路战龙兽', '王龙兽']","('等级：30', 'HP：400', 'SP：', 'ATK：80', 'DEF：', 'INT：', 'SPD：70', '友情：', '才能：', '')","('HP：800', 'SP：48', 'ATK：115', 'INT：42', 'DEF：45', 'SPD：95')","('HP：1780', 'SP：146', 'ATK：232', 'INT：159', 'DEF：133', 'SPD：193')","('蓄力的一击', 'CRT提升15%。')","[('十字利刃', '对敌方单体发动光属性威力110的物理攻击。容易产生CRT。')]","['Lv.反bug', 'Lv.神圣钩爪Ⅲ', 'Lv.闪耀雷射Ⅰ', 'Lv.重度强袭Ⅲ']"
162,新月兽,,完全体,资料,水,3,12,铁壁,"['星星兽', '雪人兽', '雷克斯兽']","['基路比兽善', '八脚马兽', '狄安娜兽']","('等级：30', 'HP：', 'SP：60', 'ATK：70', 'DEF：', 'INT：80', 'SPD：', '友情：', '才能：', '')","('HP：550', 'SP：80', 'ATK：80', 'INT：95', 'DEF：40', 'SPD：75')","('HP：1820', 'SP：187', 'ATK：168', 'INT：183', 'DEF：167', 'SPD：153')","('月下冰刃', '水、光属性技能造成的伤害增加10%。')","[('月亮瞬舞', '对敌方单体发动水属性威力100的物理攻击，会有50%的机率使对方混乱。')]","['Lv.大海波浪Ⅰ', 'Lv.发电水流Ⅱ', 'Lv.闪耀雷射Ⅰ', 'Lv.寒冰之箭Ⅲ']"
163,电子龙兽,,完全体,疫苗,暗,2,14,攻击,"['魔蛹兽', '强袭龙兽', '兔爷兽', 'V龙兽', '黑迪路兽']","['裁决兽', '泰坦兽', '阿尔法兽']","('等级：28', 'HP：400', 'SP：', 'ATK：75', 'DEF：', 'INT：', 'SPD：75', '友情：', '才能：', '')","('HP：900', 'SP：42', 'ATK：110', 'INT：40', 'DEF：85', 'SPD：73')","('HP：2070', 'SP：120', 'ATK：237', 'INT：118', 'DEF：202', 'SPD：171')","('正义的团结', '连击的发生、持续机率提升10%')","[('绝灭爪', '对敌方单体发动威力115的无属性物理攻击，并有10%的机率使对方立即死亡。')]","['Lv.剧毒陷阱', 'Lv.攻击破坏', 'Lv.彗星重锤Ⅲ', 'Lv.破坏加农Ⅲ']"
164,古神兽,土偶兽,完全体,自由,光,2,14,铁壁,"['战甲兽', '天使兽']","['维京毛人兽', '混沌公爵兽', '基路比兽善']","('等级：30', 'HP：', 'SP：', 'ATK：', 'DEF：75', 'INT：65', 'SPD：', '友情：100', '才能：', '合体进化')","('HP：900', 'SP：82', 'ATK：40', 'INT：95', 'DEF：95', 'SPD：53')","('HP：2170', 'SP：189', 'ATK：128', 'INT：183', 'DEF：222', 'SPD：131')","('正义基因', '光属性技能造成的伤害增加15%。')","[('荒御魂', '对敌方全体发动威力75的光属性魔法攻击。')]","['Lv.闪耀雷射Ⅰ', 'Lv.驱散', 'Lv.神圣之光Ⅲ', 'Lv.雄伟巨石Ⅲ']"
165,祖利兽,,完全体,病毒,木,3,12,HP,"['朽木兽', '比多兽', '古加兽', '冰恶魔兽']","['究极古加兽', '葛叶兽', '木偶兽']","('等级：28', 'HP：800', 'SP：', 'ATK：', 'DEF：70', 'INT：', 'SPD：', '友情：', '才能：', '')","('HP：1000', 'SP：64', 'ATK：60', 'INT：65', 'DEF：80', 'SPD：56')","('HP：2270', 'SP：152', 'ATK：167', 'INT：163', 'DEF：187', 'SPD：144')","('奇异的舞蹈', '发动攻击时，有10%的机率使对方混乱。')","[('樱桃炸弹', '对敌方全体发动威力80的木属性物理攻击。')]","['Lv.符文之森Ⅰ', 'Lv.物理耗竭', 'Lv.符文之森Ⅱ', 'Lv.新月之叶Ⅲ']"
166,人面战鹰兽,希尔芙兽,完全体,自由,风,3,14,速度,"['亚古拉兽', '迪路兽']","['女战神兽', '狮鹫兽', '沙古牙兽', '杜纳斯兽', '凤凰兽']","('等级：30', 'HP：', 'SP：', 'ATK：60', 'DEF：75', 'INT：', 'SPD：75', '友情：100', '才能：', '合体进化')","('HP：600', 'SP：85', 'ATK：70', 'INT：75', 'DEF：70', 'SPD：95')","('HP：1480', 'SP：192', 'ATK：168', 'INT：173', 'DEF：168', 'SPD：222')","('风之守卫', '风属性技能造成的伤害增加15%。')","[('冲上云霄', '对敌方单体发动威力110的风属性魔法攻击。')]","['Lv.狂风暴雨Ⅰ', 'Lv.爆击填充', 'Lv.音速空洞Ⅲ', 'Lv.烈风利爪Ⅲ']"
167,超级流星兽,巨星兽,完全体,资料,光,3,12,万能,"['大便兽', '星星兽', '亚伯兽', '庸俗兽']","['裁决兽', '顽固兽', '白金鼻涕兽']","('等级：28', 'HP：', 'SP：70', 'ATK：70', 'DEF：80', 'INT：', 'SPD：', '友情：', '才能：', '')","('HP：650', 'SP：75', 'ATK：73', 'INT：60', 'DEF：85', 'SPD：67')","('HP：1720', 'SP：182', 'ATK：171', 'INT：158', 'DEF：183', 'SPD：174')","('正义的团结', '连击的发生、持续机率提升10%')","[('巨星上勾拳', '对敌方单体发动威力115的光属性物理攻击。')]","['Lv.闪耀雷射Ⅰ', 'Lv.反睡眠', 'Lv.马赫突击Ⅰ', 'Lv.神圣钩爪Ⅲ']"
168,丧尸暴龙兽,,完全体,病毒,暗,3,14,攻击,"['战甲兽', '暴龙兽', '大地暴龙兽', '角龙兽']","['闪光暴龙兽', '泰坦兽', '究极魔兽']","('等级：28', 'HP：', 'SP：', 'ATK：120', 'DEF：85', 'INT：', 'SPD：70', '友情：', '才能：', '')","('HP：650', 'SP：40', 'ATK：140', 'INT：30', 'DEF：95', 'SPD：70')","('HP：1820', 'SP：118', 'ATK：267', 'INT：108', 'DEF：212', 'SPD：168')","('龙之愤怒', 'ATK提升15%。')","[('堙灭猎鸟', '对敌方单体发动威力110的火属性物理攻击，并有50%的机率使对方的DEF降低10%。')]","['Lv.加速增幅器', 'Lv.死亡召唤', 'Lv.破坏加农Ⅲ', 'Lv.彗星重锤Ⅲ']"
169,丧尸撒旦兽,骷髅撒旦兽,完全体,病毒,暗,3,12,万能,"['阿卡迪兽成熟期', '奥加兽', '恶魔兽', '烂泥兽']","['超恶魔兽', '究极魔兽', '大德古兽']","('等级：28', 'HP：', 'SP：', 'ATK：80', 'DEF：', 'INT：70', 'SPD：', '友情：', '才能：', '')","('HP：680', 'SP：50', 'ATK：92', 'INT：83', 'DEF：52', 'SPD：65')","('HP：1750', 'SP：157', 'ATK：190', 'INT：181', 'DEF：150', 'SPD：172')","('噩梦军团', '暗属性技能造成的伤害增加15%。')","[('暗堕骨爪', '减少一位敌人的HP20%。使对方50%机率液晶化。')]","['Lv.角色倒置', 'Lv.地狱粉碎Ⅰ', 'Lv.破坏加农Ⅲ', 'Lv.梦魇Ⅲ']"
170,祖顿兽,,完全体,疫苗,水,2,12,HP,"['冰石兽', '海狮兽', '加鲁鲁兽', '雪人兽']","['维京毛人兽', '蛇颈龙兽', '海天使兽', '钢铁加鲁鲁兽']","('等级：30', 'HP：800', 'SP：', 'ATK：75', 'DEF：', 'INT：', 'SPD：', '友情：50', '才能：', '')","('HP：1000', 'SP：40', 'ATK：97', 'INT：55', 'DEF：75', 'SPD：58')","('HP：2270', 'SP：128', 'ATK：204', 'INT：153', 'DEF：182', 'SPD：146')","('深海救星', '水属性技能造成的伤害增加15%。')","[('重锤火花', '对敌方单体发动威力115的雷属性物理攻击。')]","['Lv.狂风暴雨Ⅰ', 'Lv.守备破坏', 'Lv.寒冰之箭Ⅲ', 'Lv.大海波浪Ⅱ']"
171,救星哈克兽,,完全体,资料,火,3,14,攻击,"['天使兽', '强袭龙兽', '巴欧哈克兽']","['女战神兽', '杰斯兽', '斩龙兽']","('等级：30', 'HP：', 'SP：', 'ATK：90', 'DEF：', 'INT：', 'SPD：80', '友情：', '才能：', '')","('HP：800', 'SP：55', 'ATK：100', 'INT：40', 'DEF：70', 'SPD：95')","('HP：1970', 'SP：133', 'ATK：227', 'INT：118', 'DEF：187', 'SPD：193')","('战斗天分', 'HP在10%以下时，ATK提升50%。')","[('三叉剑戟', '对敌方单体发动无属性威力40的物理攻击3次。')]","['Lv.流星坠落Ⅰ', 'Lv.辅助终结', 'Lv.神圣钩爪Ⅲ', 'Lv.复活']"
172,祭师兽,道士兽,完全体,数据,暗,3,12,智力,"['朽木兽', '九尾狐兽', '魔蛹兽']","['狄安娜兽', '葛叶兽', '沙古牙兽']","('等级：30', 'HP：', 'SP：60', 'ATK：', 'DEF：', 'INT：75', 'SPD：60', '友情：', '才能：', '')","('HP：600', 'SP：85', 'ATK：30', 'INT：110', 'DEF：60', 'SPD：80')","('HP：1380', 'SP：212', 'ATK：108', 'INT：237', 'DEF：148', 'SPD：197')","('巧妙的智慧', 'INT提升15%。')","[('梵笔闪', '对敌方单体发动威力110的暗属性魔法攻击。')]","['Lv.地狱粉碎Ⅰ', 'Lv.智能填充', 'Lv.梦魇Ⅲ', 'Lv.地狱粉碎Ⅱ']"
173,达高兽,达贡兽,完全体,病毒,水,3,12,攻击,"['冰恶魔兽', '希拉兽', '烂泥兽']","['外星兽', '尼普顿兽', '利维坦兽']","('等级：28', 'HP：', 'SP：70', 'ATK：', 'DEF：', 'INT：85', 'SPD：', '友情：', '才能：', '')","('HP：700', 'SP：76', 'ATK：63', 'INT：98', 'DEF：53', 'SPD：50')","('HP：1870', 'SP：154', 'ATK：190', 'INT：176', 'DEF：170', 'SPD：148')","('深海的睡眠', '发动攻击时，有10%的机率使对方睡眠。')","[('禁忌三叉戟', '对敌方单体发动水属性威力115的物理攻击。')]","['Lv.混乱鬼火', 'Lv.大海波浪Ⅱ', 'Lv.发电水流Ⅲ', 'Lv.地狱粉碎Ⅱ']"
174,麒麟兽,,完全体,疫苗,光,3,14,速度,"['多路加兽', '巴多拉兽', '镰鼬兽']","['钢铁加鲁鲁兽', '究极天使兽', '八脚马兽']","('等级：30', 'HP：', 'SP：75', 'ATK：', 'DEF：', 'INT：', 'SPD：100', '友情：', '才能：10', '')","('HP：500', 'SP：80', 'ATK：75', 'INT：75', 'DEF：70', 'SPD：105')","('HP：1380', 'SP：187', 'ATK：173', 'INT：173', 'DEF：168', 'SPD：232')","('神秘的守护', '陷入异常状态的机率降低50%。')","[('疾风天翔剑', '对敌方单体发动3次威力40的风属性物理攻击。')]","['Lv.闪耀雷射Ⅰ', 'Lv.反剧毒', 'Lv.复活', 'Lv.神圣之光Ⅲ']"
175,恐蜂兽,,完全体,自由,木,3,14,速攻,"['V仔兽EX', '飞虫兽']","['帝皇龙甲兽DM', '究极古加兽']","('等级：30', 'HP：400', 'SP：', 'ATK：90', 'DEF：', 'INT：', 'SPD：75', '友情：100', '才能：', '')","('HP：750', 'SP：50', 'ATK：130', 'INT：45', 'DEF：80', 'SPD：75')","('HP：1920', 'SP：138', 'ATK：257', 'INT：123', 'DEF：168', 'SPD：192')","('背水之阵', '给予敌人的伤害增加20%，但受到的伤害也增加20%。')","[('地狱舞蹈', '对敌方单体发动木属性威力35的物理攻击3次。容易产生CRT。')]","['Lv.新月之叶Ⅲ', 'Lv.闪电坠击Ⅰ', 'Lv.烈风利爪Ⅲ', 'Lv.交叉拳']"
176,蛋蛋兽,数码蛋兽,完全体,资料,无,3,12,HP,"['奥加兽', '亚伯兽', '鼻屎兽']","['密涅瓦兽', '贝尔菲兽SM', '泰坦兽']","('等级：30', 'HP：700', 'SP：', 'ATK：', 'DEF：75', 'INT：', 'SPD：', '友情：', '才能：', '')","('HP：750', 'SP：45', 'ATK：75', 'INT：62', 'DEF：95', 'SPD：58')","('HP：2020', 'SP：133', 'ATK：182', 'INT：160', 'DEF：202', 'SPD：146')","('蓄力的一击', 'CRT提升15%。')","[('噩梦症候群', '减少敌方单体15%HP，并有40%的机率使对方睡眠。')]","['Lv.马赫突击Ⅰ', 'Lv.符文之森Ⅰ', 'Lv.死亡召唤', 'Lv.重度强袭Ⅲ']"
177,死神火焰兽,死亡燃烧兽,完全体,资料,火,3,12,攻击,"['巫师兽', '奥加兽', '火焰兽', '火神兽']","['顽固兽', '堕天地狱兽', '科学怪人兽']","('等级：28', 'HP：500', 'SP：', 'ATK：95', 'DEF：', 'INT：', 'SPD：', '友情：', '才能：', '')","('HP：950', 'SP：40', 'ATK：120', 'INT：31', 'DEF：75', 'SPD：64')","('HP：2120', 'SP：118', 'ATK：247', 'INT：109', 'DEF：192', 'SPD：162')","('屹立不摇', '不会陷入眩晕状态')","[('重金属火焰', '对敌方单体发动威力110的火属性物理攻击，并提升自己的DEF 10%。')]","['Lv.速度破坏', 'Lv.物理耗竭', 'Lv.彗星重锤Ⅲ', 'Lv.云雾汽油弹Ⅲ']"
178,杜兰兽,,完全体,疫苗,无,3,14,攻击,"['守卫兽（金）', '兹巴伊戈兽', '猛禽龙兽']","['虎蜂兽', '杰斯兽', '杜兰达兽']","('等级：40', 'HP：800', 'SP：', 'ATK：80', 'DEF：80', 'INT：', 'SPD：', '友情：', '才能：', '')","('HP：880', 'SP：42', 'ATK：112', 'INT：40', 'DEF：88', 'SPD：70')","('HP：2050', 'SP：120', 'ATK：239', 'INT：118', 'DEF：205', 'SPD：168')","('Legend-Arms', '增加光·暗属性技能所给予的伤害10%。')","[('调和', '对敌方单体发动无属性威力115的物理攻击。容易产生CRT。')]","['Lv.敏捷填充', 'Lv.神圣钩爪Ⅱ', 'Lv.重度强袭Ⅲ', 'Lv.马赫突击Ⅱ']"
179,怪蛙皇,,完全体,病毒,水,3,12,HP,"['贝壳鼻涕兽', '怪蛙兽', '海龙兽']","['维京毛人兽', '大王悟空兽', '蛇颈龙兽', '利维坦兽']","('等级：26', 'HP：900', 'SP：', 'ATK：', 'DEF：', 'INT：', 'SPD：', '友情：', '才能：', '')","('HP：1350', 'SP：52', 'ATK：60', 'INT：50', 'DEF：60', 'SPD：53')","('HP：2620', 'SP：140', 'ATK：167', 'INT：148', 'DEF：167', 'SPD：141')","('深海的睡眠', '发动攻击时，有10%的机率使对方睡眠。')","[('破坏音波', '对敌方全体发动无属性中威力的INT贯穿攻击，并有30%的机率使对方的ATK或INT降低20%。')]","['Lv.大海波浪Ⅰ', 'Lv.偶像泡沫', 'Lv.大海波浪Ⅱ', 'Lv.寒冰之箭Ⅲ']"
180,三角龙兽,,完全体,资料,土,3,12,攻击,"['海狮兽', '暴龙兽蓝', '核龙兽绿', '角龙兽']","['究极古加兽', '黄金剑狮兽', '破坏龙兽']","('等级：28', 'HP：', 'SP：', 'ATK：75', 'DEF：75', 'INT：', 'SPD：', '友情：', '才能：', '')","('HP：600', 'SP：50', 'ATK：85', 'INT：55', 'DEF：110', 'SPD：50')","('HP：1770', 'SP：128', 'ATK：212', 'INT：133', 'DEF：227', 'SPD：148')","('铁壁的守护', 'DEF提升15%。')","[('三角突击', '对敌方单体发动土属性威力150的物理攻击。使对方产生眩晕。ACU50%。')]","['Lv.地牛翻身Ⅰ', 'Lv.命中填充', 'Lv.云雾汽油弹Ⅱ', 'Lv.彗星重锤Ⅲ']"
181,多路龙兽,多路暴龙兽,完全体,资料,火,3,14,攻击,"['加鲁鲁兽', '暴龙兽蓝', '独眼龙兽', '多路加兽', '猛禽龙兽']","['阿尔法兽', '八脚马兽', '多路战龙兽', '破坏龙兽']","('等级：30', 'HP：400', 'SP：', 'ATK：95', 'DEF：75', 'INT：', 'SPD：', '友情：', '才能：', '')","('HP：900', 'SP：45', 'ATK：98', 'INT：45', 'DEF：95', 'SPD：67')","('HP：2070', 'SP：123', 'ATK：225', 'INT：123', 'DEF：212', 'SPD：165')","('蓄力的一击', 'CRT提升15%。')","[('金属流星', '对敌方单体发动威力115的土属性物理攻击。')]","['Lv.地牛翻身Ⅰ', 'Lv.攻击破坏', 'Lv.云雾汽油弹Ⅲ', 'Lv.交叉拳']"
182,骑士兽,,完全体,资料,无,3,12,防御,"['暴龙兽蓝', '时钟兽', '坦克兽', '黑迪路兽', '野狼兽']","['颅骨兽', '杜兰达兽', '芳香兽', '剑皇兽']","('等级：30', 'HP：', 'SP：', 'ATK：75', 'DEF：75', 'INT：', 'SPD：', '友情：', '才能：', '')","('HP：650', 'SP：60', 'ATK：82', 'INT：70', 'DEF：95', 'SPD：53')","('HP：1630', 'SP：158', 'ATK：189', 'INT：177', 'DEF：222', 'SPD：131')","('铁壁的守护', 'DEF提升15%。')","[('狂暴大剑', '使敌方单体立即死亡，ACU 30%。')]","['Lv.马赫突击Ⅰ', 'Lv.反混乱', 'Lv.重度强袭Ⅲ', 'Lv.马赫突击Ⅱ']"
183,分子兽,,完全体,病毒,雷,3,12,魔防,"['守卫兽', '时钟兽', '独眼龙兽']","['机械邪龙兽', '钢铁加鲁鲁兽（黑）', '超级火车兽']","('等级：28', 'HP：', 'SP：60', 'ATK：', 'DEF：', 'INT：85', 'SPD：', '友情：', '才能：', '')","('HP：650', 'SP：75', 'ATK：35', 'INT：112', 'DEF：65', 'SPD：58')","('HP：1720', 'SP：192', 'ATK：113', 'INT：239', 'DEF：163', 'SPD：146')","('分析', '掃描值提升10%。')","[('插入式炸弹', '对敌方单体发动威力80的火属性魔法攻击，并有30%的机率使对方的基礎状态降低10%。')]","['Lv.麻痹电网', 'Lv.物理耗竭', 'Lv.天国闪电Ⅲ', 'Lv.力量能源Ⅲ']"
184,机甲龙兽,,完全体,自由,无,3,14,万能,"['V仔兽EX', '飞虫兽']",['帝皇龙甲兽DM'],"('等级：30', 'HP：', 'SP：', 'ATK：90', 'DEF：60', 'INT：', 'SPD：75', '友情：100', '才能：', '合体进化')","('HP：750', 'SP：80', 'ATK：90', 'INT：60', 'DEF：75', 'SPD：75')","('HP：1820', 'SP：187', 'ATK：188', 'INT：158', 'DEF：173', 'SPD：182')","('背水之阵', '给予敌人的伤害增加20%，但受到的伤害也增加20%。')","[('死亡火箭炮', '对敌方全体发动2次威力40的光属性物理攻击。')]","['Lv.马赫突击Ⅰ', 'Lv.闪电坠击Ⅰ', 'Lv.重度强袭Ⅲ', 'Lv.交叉拳']"
185,邦加兽,白狮兽,完全体,疫苗,水,3,12,万能,"['冰石兽', '加鲁鲁兽', '火焰兽', '狮子兽']","['番长狮子兽', '黄金剑狮兽', '幻影迦奥迦兽']","('等级：28', 'HP：350', 'SP：', 'ATK：75', 'DEF：', 'INT：', 'SPD：75', '友情：', '才能：', '')","('HP：750', 'SP：75', 'ATK：75', 'INT：62', 'DEF：65', 'SPD：73')","('HP：1820', 'SP：182', 'ATK：173', 'INT：160', 'DEF：163', 'SPD：180')","('动物竞技场', '土属性技能造成的伤害增加15%。')","[('冰兽拳', '对敌方单体发动威力110的水属性物理攻击，并有40%的机率使对方眩晕。')]","['Lv.大海波浪Ⅰ', 'Lv.敏捷填充', 'Lv.发电水流Ⅲ', 'Lv.寒冰之箭Ⅲ']"
186,熊猫兽,,完全体,资料,土,3,12,防御,"['黑加鲁鲁兽', '泥熊兽', '迪路兽', '修女兽天蓝']","['大王悟空兽', '裁决兽', '番长狮子兽']","('等级：26', 'HP：', 'SP：', 'ATK：65', 'DEF：65', 'INT：', 'SPD：', '友情：', '才能：', '')","('HP：600', 'SP：55', 'ATK：82', 'INT：65', 'DEF：90', 'SPD：58')","('HP：1580', 'SP：153', 'ATK：189', 'INT：172', 'DEF：217', 'SPD：136')","('动物竞技场', '土属性技能造成的伤害增加15%。')","[('动物爪子', '对敌方单体发动土属性威力115的物理攻击。')]","['Lv.马赫突击Ⅰ', 'Lv.治愈', 'Lv.重度强袭Ⅱ', 'Lv.彗星重锤Ⅲ']"
187,南瓜兽,,完全体,资料,土,3,10,HP,"['朽木兽', '岩石兽', '泥熊兽', '仙人掌兽', '猛鬼兽']","['科学怪人兽', '木偶兽', '蔷薇兽']","('等级：26', 'HP：850', 'SP：', 'ATK：60', 'DEF：', 'INT：60', 'SPD：', '友情：', '才能：', '')","('HP：850', 'SP：53', 'ATK：70', 'INT：70', 'DEF：55', 'SPD：67')","('HP：2120', 'SP：141', 'ATK：177', 'INT：168', 'DEF：162', 'SPD：155')","('奇异的舞蹈', '发动攻击时，有10%的机率使对方混乱。')","[('不给糖就捣蛋', '对敌方单体发动威力100的无属性物理攻击，并使对方的INT降低10%。')]","['Lv.地牛翻身Ⅰ', 'Lv.流星坠落Ⅰ', 'Lv.彗星重锤Ⅲ', 'Lv.结构痛击']"
188,妖精兽,,完全体,资料,光,3,12,速度,"['冰巫师兽', '锐啄兽', '独角马兽', '镰鼬兽']","['凤凰兽', '海天使兽', '神圣天女兽']","('等级：26', 'HP：', 'SP：75', 'ATK：', 'DEF：', 'INT：80', 'SPD：80', '友情：', '才能：', '')","('HP：550', 'SP：70', 'ATK：55', 'INT：85', 'DEF：55', 'SPD：90')","('HP：1430', 'SP：177', 'ATK：153', 'INT：183', 'DEF：153', 'SPD：217')","('妖精的庇佑', '状态提升效果增加5%。')","[('位元炸弹', '对敌方单体发动威力110的火属性魔法攻击。')]","['Lv15.闪耀雷射Ⅰ', 'Lv25.大海波浪Ⅰ', 'Lv35.神圣之光Ⅲ', 'Lv45.X治愈']"
189,仙鹰兽,骏鹰兽,完全体,资料,风,3,12,速度,"['亚古拉兽', '天使兽', '巴多拉兽', '独角马兽']","['瓦尔德兽', '狮鹫兽', '究极天使兽']","('等级：26', 'HP：', 'SP：65', 'ATK：', 'DEF：65', 'INT：', 'SPD：', '友情：', '才能：', '')","('HP：550', 'SP：85', 'ATK：58', 'INT：94', 'DEF：33', 'SPD：85')","('HP：1430', 'SP：192', 'ATK：156', 'INT：192', 'DEF：131', 'SPD：212')","('风之守卫', '风属性技能造成的伤害增加15%。')","[('高热波', '对敌方全体发动火属性威力75的魔法伤害。')]","['Lv15.音速空洞Ⅱ', 'Lv25.闪耀雷射Ⅰ', 'Lv35.速度填充', 'Lv45.音速空洞Ⅲ']"
190,死神兽,幻影兽,完全体,病毒,暗,3,12,智力,"['巫师兽', '兹巴伊戈兽', '猛鬼兽', '烂泥兽']","['究极吸血魔兽', '泰坦兽', '巴尔巴兽']","('等级：28', 'HP：', 'SP：80', 'ATK：', 'DEF：', 'INT：80', 'SPD：', '友情：', '才能：', '')","('HP：550', 'SP：60', 'ATK：60', 'INT：100', 'DEF：55', 'SPD：80')","('HP：1330', 'SP：187', 'ATK：138', 'INT：227', 'DEF：143', 'SPD：197')","('噩梦军团', '暗属性技能造成的伤害增加15%。')","[('灵魂捕食者', '对敌方单体发动暗属性高威力的INT贯穿攻击。10%机率使对方立即死亡。')]","['Lv.地狱粉碎Ⅰ', 'Lv.死亡召唤', 'Lv.梦魇Ⅲ', 'Lv.地狱粉碎Ⅱ']"
191,黑帝鼻涕兽,黑国王鼻涕兽,完全体,病毒,暗,3,10,铁壁,"['贝壳鼻涕兽', '黄金鼻涕兽', '鼻涕兽', '烂泥兽']","['白金鼻涕兽', '钢铁悟空兽', '王子豆豆兽']","('等级：32', 'HP：', 'SP：', 'ATK：', 'DEF：', 'INT：', 'SPD：', '友情：', '才能：', '')","('HP：950', 'SP：60', 'ATK：45', 'INT：45', 'DEF：105', 'SPD：50')","('HP：2220', 'SP：167', 'ATK：133', 'INT：133', 'DEF：232', 'SPD：128')","('捡拾', '增加敌人掉落道具的机率。')","[('黑暗瞳孔', '对敌方单体发动威力110的暗属性物理攻击，并有80%的机率使对方中毒。')]","['Lv.反液晶化', 'Lv.结构痛击', 'Lv.负极锁链', 'Lv.梦魇Ⅲ']"
192,蓝色火焰兽,蓝色燃烧兽,完全体,病毒,火,3,12,双刀,"['核龙兽蓝', '黑加鲁鲁兽', '恶魔兽', '猛鬼兽', '火焰兽']","['巴尔巴兽', '科学怪人兽', '究极魔兽', '暗龙兽']","('等级：28', 'HP：400', 'SP：', 'ATK：80', 'DEF：', 'INT：70', 'SPD：', '友情：', '才能：', '')","('HP：650', 'SP：60', 'ATK：90', 'INT：75', 'DEF：50', 'SPD：70')","('HP：1630', 'SP：158', 'ATK：207', 'INT：192', 'DEF：138', 'SPD：168')","('龙之怒吼', '火属性技能造成的伤害增加15%。')","[('寒冷火花', '对敌方单体发动威力100的水属性物理攻击，并提升自己的INT10%。')]","['Lv.流星坠落Ⅰ', 'Lv.智能破坏', 'Lv.爆裂火焰Ⅲ', 'Lv.云雾汽油弹Ⅲ']"
193,入侵者兽,入侵兽,完全体,病毒,暗,3,10,魔防,"['黄金鼻涕兽', '大便兽', '白金大便兽']","['外星兽', '高级安杜路兽', '力神比多兽']","('等级：26', 'HP：', 'SP：85', 'ATK：', 'DEF：', 'INT：', 'SPD：', '友情：', '才能：', '')","('HP：600', 'SP：107', 'ATK：25', 'INT：110', 'DEF：45', 'SPD：53')","('HP：1670', 'SP：224', 'ATK：103', 'INT：237', 'DEF：143', 'SPD：141')","('高画质', '不会陷入液晶化状态')","[('恶魔飞吻', '对敌方单体发动威力95的暗属性魔法攻击，并有40%的机率使对方液晶化。')]","['Lv.剧毒陷阱', 'Lv.地狱粉碎Ⅰ', 'Lv.角色倒置', 'Lv.梦魇Ⅲ']"
194,巨鲸兽,,完全体,疫苗,水,2,12,HP,"['海狮兽', '怪蛙兽', '海龙兽']","['尼普顿兽', '蛇颈龙兽', '海天使兽', '钢铁海龙兽']","('等级：28', 'HP：850', 'SP：', 'ATK：', 'DEF：75', 'INT：75', 'SPD：', '友情：', '才能：', '')","('HP：1050', 'SP：49', 'ATK：70', 'INT：75', 'DEF：70', 'SPD：56')","('HP：2320', 'SP：137', 'ATK：177', 'INT：173', 'DEF：177', 'SPD：144')","('海洋之爱', '每回合回复最大SP的5%。')","[('大海啸', '对敌方全体发动威力75的水属性魔法攻击。')]","['Lv.大海波浪Ⅰ', 'Lv.X治愈', 'Lv.发电水流Ⅲ', 'Lv.寒冰之箭Ⅲ']"
195,神圣天使兽,,完全体,疫苗,光,3,14,魔防,"['战甲兽', 'V仔兽EX', '天使兽', '独角马兽']","['女战神兽', '神龙兽', '闪光暴龙兽', '究极天使兽', '剑皇兽']","('等级：30', 'HP：', 'SP：80', 'ATK：', 'DEF：', 'INT：80', 'SPD：', '友情：', '才能：10', '')","('HP：650', 'SP：85', 'ATK：59', 'INT：100', 'DEF：70', 'SPD：61')","('HP：1720', 'SP：202', 'ATK：137', 'INT：227', 'DEF：168', 'SPD：149')","('正义基因', '光属性技能造成的伤害增加15%。')","[('天国之门', '对敌方单体发动威力100的光属性魔法攻击，并有10%的机率使对方立即死亡。')]","['Lv.闪耀雷射Ⅰ', 'Lv.X治愈', 'Lv.神圣之光Ⅲ', 'Lv.复活']"
196,火山兽,,完全体,资料,火,3,12,速攻,"['岩石兽', '坦克兽', '火焰兽']","['顽固兽', '摔角火山兽', '钢铁悟空兽']","('等级：26', 'HP：', 'SP：', 'ATK：80', 'DEF：75', 'INT：', 'SPD：', '友情：', '才能：', '')","('HP：950', 'SP：38', 'ATK：95', 'INT：30', 'DEF：75', 'SPD：67')","('HP：2120', 'SP：126', 'ATK：222', 'INT：108', 'DEF：163', 'SPD：184')","('强力接招', 'EVA大幅下降，但所受损伤减少15%。')","[('声波大CRT', '对敌方全体发动无属性中威力的DEF贯穿攻击。20%机率使对方麻痹。')]","['Lv.正极锁链', 'Lv.马赫突击Ⅰ', 'Lv.地牛翻身Ⅰ', 'Lv.云雾汽油弹Ⅲ']"
197,斗牛士兽,,完全体,病毒,暗,3,12,HP,"['血狼兽', '猛鬼兽', '火神兽']","['究极吸血魔兽', '大德古兽', '小丑皇']","('等级：28', 'HP：', 'SP：', 'ATK：75', 'DEF：', 'INT：', 'SPD：80', '友情：', '才能：', '')","('HP：850', 'SP：50', 'ATK：95', 'INT：55', 'DEF：40', 'SPD：100')","('HP：2120', 'SP：138', 'ATK：202', 'INT：153', 'DEF：147', 'SPD：188')","('吸血鬼', '增加依照HP吸取效果的回复量25%。')","[('蝶绝喇叭蹴', '对敌方单体发动暗属性威力30的物理攻击3~5次。吸取20%的HP。')]","['Lv.地狱粉碎Ⅰ', 'Lv.交叉拳', 'Lv.马赫突击Ⅱ', 'Lv.破坏加农Ⅲ']"
198,音速迦奥迦兽,音速加奥加兽,完全体,资料,风,3,12,速攻,"['海狮兽', '迦奥迦兽', '仙人掌兽', '黑加鲁鲁兽', '雷克斯兽']","['撒多格杜兽', '番长狮子兽', '幻影迦奥迦兽', '墨丘利兽']","('等级：26', 'HP：', 'SP：', 'ATK：75', 'DEF：', 'INT：', 'SPD：80', '友情：', '才能：', '')","('HP：900', 'SP：45', 'ATK：95', 'INT：50', 'DEF：45', 'SPD：100')","('HP：2070', 'SP：133', 'ATK：222', 'INT：128', 'DEF：133', 'SPD：217')","('假动作', '闪避率提升7%')","[('胜利拳击', '对敌方单体发动威力115的无属性物理攻击，并有40%的机率使对方眩晕。')]","['Lv.闪电坠击Ⅰ', 'Lv.反晕眩', 'Lv.烈风利爪Ⅲ', 'Lv.狂风暴雨Ⅱ']"
199,豆豆兽,,完全体,资料,土,3,10,铁壁,"['星星兽', '巨龙兽', '火焰兽']","['战斗暴龙兽', '木偶兽', '王子豆豆兽']","('等级：26', 'HP：', 'SP：', 'ATK：75', 'DEF：80', 'INT：', 'SPD：', '友情：', '才能：', '')","('HP：850', 'SP：60', 'ATK：67', 'INT：40', 'DEF：90', 'SPD：58')","('HP：2120', 'SP：167', 'ATK：155', 'INT：128', 'DEF：217', 'SPD：136')","('屹立不摇', '不会陷入眩晕状态')","[('微笑炸弹', '对敌方单体发动威力110的火属性物理攻击，必定命中。')]","['Lv.地牛翻身Ⅰ', 'Lv.疾速逃脱', 'Lv.彗星重锤Ⅲ', 'Lv.地牛翻身Ⅱ']"
200,超海龙兽,百万海龙兽,完全体,资料,水,3,12,魔防,"['飞龙兽', '贝壳鼻涕兽', '怪蛙兽', '海龙兽', '希拉兽', '银龙兽']","['尼普顿兽', '蛇颈龙兽', '钢铁海龙兽', '利维坦兽']","('等级：30', 'HP：400', 'SP：70', 'ATK：', 'DEF：', 'INT：70', 'SPD：', '友情：', '才能：', '')","('HP：800', 'SP：80', 'ATK：47', 'INT：95', 'DEF：65', 'SPD：58')","('HP：1870', 'SP：197', 'ATK：125', 'INT：222', 'DEF：163', 'SPD：146')","('不可思议的鳞片', '无效基本状态下降效果。')","[('轰雷枪', '对敌方单体发动威力105的雷属性魔法攻击。并有40%的机率使对方麻痹。')]","['Lv.偶像泡沫', 'Lv.智能破坏', 'Lv.发电水流Ⅲ', 'Lv.天国闪电Ⅲ']"
201,超蛇龙兽,百万龙兽,完全体,病毒,风,3,12,攻击,"['飞龙兽', '暴龙兽', '独眼龙兽', '巨龙兽']","['究极V龙兽', '神龙兽', '黑暗战斗暴龙兽', '机械邪龙兽', '破灭魔龙兽']","('等级：26', 'HP：400', 'SP：', 'ATK：95', 'DEF：', 'INT：', 'SPD：75', '友情：', '才能：', '')","('HP：850', 'SP：40', 'ATK：95', 'INT：30', 'DEF：90', 'SPD：70')","('HP：2020', 'SP：118', 'ATK：222', 'INT：108', 'DEF：207', 'SPD：168')","('百发百中', 'ACU提升15%。')","[('种族灭绝攻击', '对敌方单体发动威力110的火属性物理攻击，容易产生爆击。')]","['Lv.混乱鬼火', 'Lv.云雾汽油弹Ⅱ', 'Lv.狂风暴雨Ⅱ', 'Lv.烈风利爪Ⅲ']"
202,大古拉兽,,完全体,病毒,火,3,14,攻击,"['加鲁哥兽', '古拉兽', '核龙兽绿', 'V龙兽']","['混沌公爵兽', '暗龙兽', '红莲骑士兽', '破灭魔龙兽', '终极巨龙兽']","('等级：30', 'HP：', 'SP：', 'ATK：105', 'DEF：', 'INT：', 'SPD：75', '友情：', '才能：', '')","('HP：850', 'SP：45', 'ATK：115', 'INT：48', 'DEF：80', 'SPD：67')","('HP：2020', 'SP：123', 'ATK：242', 'INT：126', 'DEF：197', 'SPD：165')","('万能', 'ATK、DEF、INT、SPD提升5%。')","[('原子爆焰', '对敌方单体发动威力250的雷属性物理攻击，使用后将因反作用力而无法行动1回合。')]","['Lv.正极锁链', 'Lv.守备破坏', 'Lv.云雾汽油弹Ⅲ', 'Lv.神圣钩爪Ⅲ']"
203,机械暴龙兽,,完全体,疫苗,火,3,14,攻击,"['飞龙兽', '古拉兽', '暴龙兽', '狮子兽']","['战斗暴龙兽', '凯王兽', '终极巨龙兽']","('等级：30', 'HP：350', 'SP：', 'ATK：100', 'DEF：', 'INT：', 'SPD：', '友情：50', '才能：', '')","('HP：950', 'SP：45', 'ATK：105', 'INT：41', 'DEF：90', 'SPD：64')","('HP：2120', 'SP：123', 'ATK：232', 'INT：119', 'DEF：207', 'SPD：162')","('龙之怒吼', '火属性技能造成的伤害增加15%。')","[('究极破坏炮', '对敌方单体发动威力115的火属性物理攻击。')]","['Lv.马赫突击Ⅰ', 'Lv.攻击填充', 'Lv.流星坠落Ⅱ', 'Lv.云雾汽油弹Ⅲ']"
204,机械暴龙兽（蓝）,,完全体,病毒,火,2,14,攻击,"['暴龙兽', '暴龙兽蓝', '巨龙兽', '恶魔兽', '烂泥兽']","['战斗暴龙兽', '凯王兽', '基路比兽恶', '黑暗战斗暴龙兽']","('等级：30', 'HP：450', 'SP：', 'ATK：110', 'DEF：', 'INT：', 'SPD：', '友情：', '才能：', '')","('HP：1090', 'SP：45', 'ATK：110', 'INT：30', 'DEF：85', 'SPD：61')","('HP：2260', 'SP：123', 'ATK：237', 'INT：108', 'DEF：202', 'SPD：159')","('龙之愤怒', 'ATK提升15%。')","[('复仇火焰', '受到物理攻击或魔法攻击时，進入反击状态。')]","['Lv.地牛翻身Ⅰ', 'Lv.爆击填充', 'Lv.流星坠落Ⅱ', 'Lv.云雾汽油弹Ⅲ']"
205,钢铁巨龙兽,金属巨龙兽,完全体,病毒,雷,3,12,防御,"['古拉兽', '巨龙兽', 'V龙兽', '角龙兽']","['红莲骑士兽', '黑暗战斗暴龙兽', '破坏龙兽', '终极巨龙兽']","('等级：28', 'HP：', 'SP：', 'ATK：75', 'DEF：95', 'INT：', 'SPD：', '友情：', '才能：', '')","('HP：600', 'SP：55', 'ATK：77', 'INT：65', 'DEF：115', 'SPD：53')","('HP：1580', 'SP：153', 'ATK：184', 'INT：172', 'DEF：242', 'SPD：131')","('威吓', '发动攻击时，有10%的机率使对方眩晕。')","[('核子雷射光', '对敌方单体发动雷属性中威力的DEF贯穿攻击，并提升自己的DEF10%。')]","['Lv.麻痹电网', 'Lv.守备填充', 'Lv.爆裂火焰Ⅲ', 'Lv.奈米机械破坏Ⅲ']"
206,钢铁豆豆兽,金属豆豆兽,完全体,资料,雷,3,10,防御,"['庸俗兽', '守卫兽', '星星兽', '白金大便兽']","['外星兽', '高级安杜路兽', '王子豆豆兽']","('等级：26', 'HP：', 'SP：', 'ATK：', 'DEF：80', 'INT：65', 'SPD：', '友情：', '才能：', '')","('HP：500', 'SP：50', 'ATK：70', 'INT：75', 'DEF：90', 'SPD：64')","('HP：1480', 'SP：148', 'ATK：177', 'INT：182', 'DEF：217', 'SPD：142')","('全天作战机器', '不会陷入睡眠状态')","[('能量炸弹', '对敌方单体发动威力110的雷属性魔法攻击，必定命中。')]","['Lv.疾速逃脱', 'Lv.命中填充', 'Lv.奈米机械破坏Ⅲ', 'Lv.爆裂火焰Ⅲ']"
207,熊仔兽,,完全体,疫苗,无,2,12,HP,"['九尾狐兽', '兔爷兽', '鼻涕兽', '雪人兽']","['黄金剑狮兽', '沙古牙兽', '密涅瓦兽']","('等级：26', 'HP：600', 'SP：', 'ATK：60', 'DEF：', 'INT：', 'SPD：', '友情：', '才能：', '')","('HP：950', 'SP：49', 'ATK：75', 'INT：70', 'DEF：65', 'SPD：56')","('HP：2220', 'SP：137', 'ATK：182', 'INT：168', 'DEF：172', 'SPD：144')","('第一骑兵', '无属性技能造成的伤害增加15%。')","[('爱心一击', '恢复我方单体的HP，并提升ATK、DEF、INT10%。')]","['Lv.马赫突击Ⅰ', 'Lv.符文之森Ⅰ', 'Lv.混乱鬼火', 'Lv.重度强袭Ⅲ']"
208,八咫鸦兽,八咫乌兽,完全体,疫苗,风,3,12,速度,"['亚古拉兽', '巴多拉兽', '锐啄兽']","['瓦尔德兽', '葛叶兽', '密涅瓦兽', '鸦神兽', '王龙兽']","('等级：30', 'HP：', 'SP：75', 'ATK：', 'DEF：', 'INT：', 'SPD：90', '友情：', '才能：', '')","('HP：450', 'SP：75', 'ATK：70', 'INT：70', 'DEF：55', 'SPD：110')","('HP：1330', 'SP：182', 'ATK：168', 'INT：168', 'DEF：153', 'SPD：237')","('风之守卫', '风属性技能造成的伤害增加15%。')","[('瓮布都神', '对敌方单体发动威力110的光属性魔法攻击。')]","['Lv.狂风暴雨Ⅰ', 'Lv.闪电坠击Ⅰ', 'Lv.音速空洞Ⅲ', 'Lv.反射镜']"
209,进升暴龙兽,跃升暴龙兽,完全体,疫苗,火,3,14,速攻,"['火神兽', 'V仔兽EX', '大地暴龙兽', '多路加兽', '巴欧哈克兽']","['凯王兽', '闪光暴龙兽', '斩龙兽']","('等级：30', 'HP：350', 'SP：', 'ATK：100', 'DEF：', 'INT：', 'SPD：75', '友情：50', '才能：', '')","('HP：950', 'SP：50', 'ATK：115', 'INT：30', 'DEF：65', 'SPD：85')","('HP：2120', 'SP：138', 'ATK：242', 'INT：108', 'DEF：153', 'SPD：202')","('火灾现场的怪力', 'HP在50%以下时，ATK提升25%。')","[('三叉戟左轮', '对敌方单体发动3次威力40的火属性物理攻击。')]","['Lv.正极锁链', 'Lv.命中填充', 'Lv.流星坠落Ⅱ', 'Lv.云雾汽油弹Ⅲ']"
210,丁香兽,,完全体,资料,木,3,12,魔防,"['比多兽', '向日葵兽', '羽蝶兽', '鼻屎兽']","['莉莉丝兽', '蔷薇兽', '莲花兽']","('等级：30', 'HP：', 'SP：75', 'ATK：', 'DEF：', 'INT：75', 'SPD：', '友情：', '才能：', '')","('HP：750', 'SP：90', 'ATK：30', 'INT：105', 'DEF：55', 'SPD：70')","('HP：1820', 'SP：207', 'ATK：108', 'INT：232', 'DEF：153', 'SPD：158')","('花朵守护', '不会陷入剧毒状态')","[('丁香骤雨', '对敌方全体发动威力60的木属性魔法攻击,并有40%的机率使对方中毒。')]","['Lv.符文之森Ⅰ', 'Lv.灵气', 'Lv.符文之森Ⅱ', 'Lv.盖亚元素Ⅲ']"
211,拉比兽,,完全体,疫苗,雷,3,12,万能,"['加鲁哥兽', '镰鼬兽', '雀蜂兽']","['撒多格杜兽', '虎蜂兽', '钢铁加鲁鲁兽（黑）']","('等级：28', 'HP：', 'SP：', 'ATK：75', 'DEF：', 'INT：', 'SPD：75', '友情：50', '才能：', '')","('HP：650', 'SP：60', 'ATK：65', 'INT：70', 'DEF：60', 'SPD：90')","('HP：1720', 'SP：167', 'ATK：163', 'INT：168', 'DEF：158', 'SPD：197')","('百发百中', 'ACU提升15%。')","[('黄金三角', '对敌方单体发动威力90的雷属性魔法攻击，并有10%的机率使自己的基礎状态提升10%。')]","['Lv.闪电坠击Ⅰ', 'Lv.流星坠落Ⅰ', 'Lv.闪电坠击Ⅱ', 'Lv.奈米机械破坏Ⅲ']"
212,花仙兽,,完全体,资料,木,3,12,智力,"['向日葵兽', '迪路兽', '仙人掌兽', '羽蝶兽']","['圣龙兽', '蔷薇兽', '莲花兽']","('等级：30', 'HP：', 'SP：', 'ATK：', 'DEF：', 'INT：75', 'SPD：75', '友情：50', '才能：', '')","('HP：500', 'SP：90', 'ATK：35', 'INT：100', 'DEF：50', 'SPD：100')","('HP：1280', 'SP：217', 'ATK：113', 'INT：227', 'DEF：138', 'SPD：217')","('剧毒的荆棘', '发动攻击时，有10%的机率使对方中毒。')","[('花仙炮', '对敌方单体发动威力105的木属性魔法攻击。并有50%的机率使对方麻痹。')]","['Lv.符文之森Ⅰ', 'Lv.X治愈', 'Lv.盖亚元素Ⅲ', 'Lv.符文之森Ⅱ']"
213,光明兽FM,,完全体,病毒,无,2,22,双刀,['光明兽'],['光明兽SM'],"('等级：55', 'HP：', 'SP：', 'ATK：180', 'DEF：', 'INT：240', 'SPD：180', '友情：', '才能：80', '')","('HP：900', 'SP：90', 'ATK：105', 'INT：145', 'DEF：70', 'SPD：90')","('HP：1880', 'SP：188', 'ATK：222', 'INT：262', 'DEF：158', 'SPD：188')","('傲慢', '全属性技能造成的伤害增加5%。')","[('生死交错', '对敌方单体发动威力130的无属性魔法攻击，并有10%的机率使对方陷入异常状态，5%机率立即死亡。')]","['Lv.闪耀雷射Ⅱ', 'Lv.地狱粉碎Ⅱ', 'Lv.精神耗竭', 'Lv.地狱粉碎Ⅲ', 'Lv.闪耀雷射Ⅲ']"
214,女恶魔兽,,完全体,病毒,暗,3,14,智力,"['冰恶魔兽', '九尾狐兽', '猛鬼兽', '黑迪路兽', '修女兽天蓝']","['混沌神魔兽', '莉莉丝兽', '莲花兽']","('等级：30', 'HP：', 'SP：75', 'ATK：', 'DEF：', 'INT：95', 'SPD：', '友情：', '才能：10', '')","('HP：500', 'SP：100', 'ATK：60', 'INT：95', 'DEF：50', 'SPD：85')","('HP：1280', 'SP：227', 'ATK：138', 'INT：222', 'DEF：138', 'SPD：202')","('噩梦军团', '暗属性技能造成的伤害增加15%。')","[('黑暗波', '对敌方全体发动2次威力35的暗属性魔法攻击。')]","['Lv.地狱粉碎Ⅰ', 'Lv.精神耗竭', 'Lv.梦魇Ⅲ', 'Lv.地狱粉碎Ⅱ']"
215,兽人加鲁鲁,兽人加鲁鲁兽,完全体,疫苗,土,3,12,速攻,"['奥加兽', '迦奥迦兽', '加鲁鲁兽', '强袭龙兽', '野狼兽']","['幻影迦奥迦兽', '钢铁加鲁鲁兽', '钢铁加鲁鲁兽（黑）']","('等级：28', 'HP：', 'SP：', 'ATK：90', 'DEF：', 'INT：', 'SPD：85', '友情：50', '才能：', '')","('HP：850', 'SP：45', 'ATK：115', 'INT：40', 'DEF：45', 'SPD：95')","('HP：2020', 'SP：133', 'ATK：242', 'INT：118', 'DEF：133', 'SPD：212')","('野性的鼓动', 'SPD提升15%。')","[('凯撒锐爪', '对敌方单体发动威力120的无属性物理攻击。')]","['Lv.地牛翻身Ⅰ', 'Lv.流星坠落Ⅰ', 'Lv.彗星重锤Ⅲ', 'Lv.地牛翻身Ⅱ']"
216,黑兽人加鲁鲁,兽人加鲁鲁兽（黑）,完全体,病毒,土,3,12,速攻,"['黑加鲁鲁兽', '血狼兽', '黑迪路兽']","['番长狮子兽', '密涅瓦兽', '钢铁加鲁鲁兽（黑）', '墨丘利兽']","('等级：28', 'HP：400', 'SP：', 'ATK：90', 'DEF：', 'INT：', 'SPD：70', '友情：', '才能：', '')","('HP：900', 'SP：35', 'ATK：120', 'INT：30', 'DEF：60', 'SPD：90')","('HP：2070', 'SP：123', 'ATK：247', 'INT：108', 'DEF：148', 'SPD：207')","('威吓', '发动攻击时，有10%的机率使对方眩晕。')","[('弦月弯刀', '对敌方单体发动威力110的土属性物理攻击，并提升自己的SPD10%。')]","['Lv.马赫突击Ⅰ', 'Lv.云雾汽油弹Ⅱ', 'Lv.彗星重锤Ⅲ', 'Lv.马赫突击Ⅱ']"
217,贤者兽,,完全体,病毒,暗,3,12,智力,"['巫师兽', '时钟兽', '冰巫师兽']","['究极吸血魔兽', '小丑皇', '贝尔菲兽SM']","('等级：28', 'HP：', 'SP：75', 'ATK：', 'DEF：', 'INT：100', 'SPD：', '友情：', '才能：', '')","('HP：400', 'SP：105', 'ATK：30', 'INT：135', 'DEF：40', 'SPD：75')","('HP：1180', 'SP：232', 'ATK：108', 'INT：262', 'DEF：128', 'SPD：192')","('魔术师', '发动攻击时，有10%的机率使对方液晶化。')","[('潘朵拉对话', '减少敌方全体20%HP，使用后将因反作用力而受到HP10%的伤害。')]","['Lv.地狱粉碎Ⅰ', 'Lv.反射镜', 'Lv.地狱粉碎Ⅱ', 'Lv.梦魇Ⅲ']"
218,阿卡迪兽究极体,,究极体,病毒,暗,2,20,万能,"['阿卡迪兽完全体', '地狱使者兽', '吸血魔兽']",['阿卡迪兽超究极体'],"('等级：60', 'HP：', 'SP：130', 'ATK：200', 'DEF：', 'INT：', 'SPD：100', '友情：', '才能：40', '骇客追忆通关')","('HP：880', 'SP：100', 'ATK：147', 'INT：70', 'DEF：60', 'SPD：110')","('HP：1950', 'SP：207', 'ATK：245', 'INT：168', 'DEF：158', 'SPD：217')","('理想乡', '降低受到即死效果的机率50%，提升CRT发生率10%。')","[('点之矩阵', '对敌方单体发动无属性高威力的DEF贯穿攻击。吸取30%的HP。必定命中。')]","['Lv20.破坏加农Ⅲ', 'Lv35.速度破坏力场', 'Lv50.神圣钩爪Ⅲ', 'Lv65.马赫突击Ⅲ', 'Lv80.遗失锁链']"
219,阿尔法兽,,究极体,疫苗,无,1,22,防御,"['黄金剑士兽', '电子龙兽', '多路龙兽']",['阿尔法兽 王龙剑'],"('等级：60', 'HP：', 'SP：', 'ATK：150', 'DEF：170', 'INT：135', 'SPD：', '友情：', '才能：80', '')","('HP：900', 'SP：79', 'ATK：105', 'INT：105', 'DEF：120', 'SPD：91')","('HP：1880', 'SP：177', 'ATK：212', 'INT：212', 'DEF：247', 'SPD：169')","('孤高的隐士', '给予皇家騎士的伤害增加50%。')","[('圣剑开端之刃', '对敌方单体发动威力150的光属性物理攻击。'), ('数码之魂', '对敌方全体发动威力95的无属性魔法攻击，并有5%的机率使对方立即死亡。')]","['Lv.力量能源Ⅲ', 'Lv.智能填充力场', 'Lv.速度破坏力场', 'Lv.发电水流Ⅲ', 'Lv.马赫突击Ⅲ']"
220,究极V龙兽,,究极体,疫苗,风,1,22,速攻,"['翼龙兽', '飞行V龙兽', '超蛇龙兽']",[],"('等级：60', 'HP：', 'SP：', 'ATK：120', 'DEF：', 'INT：', 'SPD：145', '友情：', '才能：80', '')","('HP：1100', 'SP：85', 'ATK：125', 'INT：65', 'DEF：65', 'SPD：140')","('HP：2270', 'SP：173', 'ATK：252', 'INT：143', 'DEF：153', 'SPD：257')","('神速', '战斗开始时必定能先采取行动。（本技能只影响本人）')","[('闪光V字斩', '对敌方全体发动威力100的光属性物理攻击，必定命中，并使自己的SPD提升10%。'), ('究极圣剑', '对敌方单体发动2次威力65的风属性物理攻击。')]","['Lv.烈风利爪Ⅲ', 'Lv.智能填充力场', 'Lv.速度填充力场', 'Lv.狂风暴雨Ⅱ', 'Lv.狂风暴雨Ⅲ']"
221,外星兽,,究极体,病毒,雷,3,16,魔防,"['陨石兽', '达高兽', '入侵者兽', '钢铁豆豆兽']",[],"('等级：45', 'HP：', 'SP：120', 'ATK：', 'DEF：', 'INT：120', 'SPD：', '友情：', '才能：20', '')","('HP：700', 'SP：120', 'ATK：35', 'INT：135', 'DEF：65', 'SPD：85')","('HP：1770', 'SP：237', 'ATK：113', 'INT：262', 'DEF：163', 'SPD：173')","('高画质', '不会陷入液晶化状态')","[('脑部破裂', '对敌方单体发动威力115的雷属性魔法攻击，并有50%的机率使对方混乱。')]","['Lv.攻击破坏力场', 'Lv.天国闪电Ⅲ', 'Lv.遗失锁链', 'Lv.闪电坠击Ⅱ', 'Lv.角色倒置']"
222,帝皇龙甲兽DM,,究极体,自由,火,2,20,万能,"['恐蜂兽', '机甲龙兽']","['帝皇龙甲兽FM', '帝皇龙甲兽PM']","('等级：55', 'HP：1600', 'SP：', 'ATK：', 'DEF：150', 'INT：', 'SPD：150', '友情：', '才能：20', '')","('HP：1200', 'SP：90', 'ATK：90', 'INT：90', 'DEF：90', 'SPD：95')","('HP：2270', 'SP：197', 'ATK：188', 'INT：188', 'DEF：188', 'SPD：202')","('龙形态', 'DEF和INT提升10%。')","[('百万屠杀', '对敌方全体发动威力95的暗属性魔法攻击。')]","['Lv.重度强袭Ⅲ', 'Lv.攻击填充力场', 'Lv.流星坠落Ⅲ', 'Lv.音速空洞Ⅲ', 'Lv.马赫突击Ⅲ']"
223,帝皇龙甲兽FM,,究极体,自由,无,2,20,速攻,[],['帝皇龙甲兽DM'],"('等级：', 'HP：', 'SP：', 'ATK：', 'DEF：', 'INT：', 'SPD：', '友情：', '才能：', '「帝皇龙甲兽DM」形态切换')","('HP：1200', 'SP：70', 'ATK：135', 'INT：75', 'DEF：80', 'SPD：95')","('HP：2370', 'SP：158', 'ATK：262', 'INT：153', 'DEF：168', 'SPD：212')","('战士形态', 'ATK和SPD提升10%。')","[('光子雷射', '对敌方单体发动威力150的光属性物理攻击。')]","['Lv20.重度强袭Ⅲ', 'Lv35.攻击填充力场', 'Lv50.流星坠落Ⅲ', 'Lv65.音速空洞Ⅲ', 'Lv80.马赫突击Ⅲ']"
224,维京毛人兽,维京兽,究极体,自由,水,3,18,HP,"['地龙兽', '古神兽', '祖顿兽', '怪蛙皇']",[],"('等级：50', 'HP：1700', 'SP：', 'ATK：130', 'DEF：130', 'INT：120', 'SPD：', '友情：', '才能：20', '')","('HP：1150', 'SP：61', 'ATK：105', 'INT：80', 'DEF：90', 'SPD：89')","('HP：2420', 'SP：149', 'ATK：212', 'INT：178', 'DEF：197', 'SPD：177')","('深海救星', '水属性技能造成的伤害增加15%。')","[('北极暴风雪', '对敌方单体发动威力125的水属性物理攻击，并有40%的机率使对方眩晕。')]","['Lv.寒冰之箭Ⅲ', 'Lv.X治愈', 'Lv.智能填充力场', 'Lv.盖亚元素Ⅲ', 'Lv.大海波浪Ⅲ']"
225,女战神兽,瓦尔基里兽,究极体,自由,风,3,18,速攻,"['天女兽', '人面战鹰兽', '救星哈克兽', '神圣天使兽']",[],"('等级：50', 'HP：', 'SP：', 'ATK：130', 'DEF：', 'INT：130', 'SPD：160', '友情：', '才能：20', '')","('HP：750', 'SP：95', 'ATK：85', 'INT：90', 'DEF：85', 'SPD：110')","('HP：1920', 'SP：183', 'ATK：212', 'INT：168', 'DEF：173', 'SPD：227')","('弗雷亚', '风·光属性技能所给予的伤害增加10%。')","[('芬里尔之剑', '给予敌单体威力130的水属性物理攻击。对手将有15%的机率立即死亡。')]","['Lv.神圣之光Ⅲ', 'Lv.最终治愈', 'Lv.速度填充力场', 'Lv.狂风暴雨Ⅲ', 'Lv.完美复活']"
226,瓦尔德兽,,究极体,疫苗,光,2,20,速攻,"['伽楼达兽', '仙鹰兽', '八咫鸦兽']",['混沌兽VA'],"('等级：55', 'HP：', 'SP：120', 'ATK：', 'DEF：', 'INT：145', 'SPD：130', '友情：', '才能：40', '')","('HP：1000', 'SP：120', 'ATK：40', 'INT：150', 'DEF：50', 'SPD：115')","('HP：2170', 'SP：208', 'ATK：167', 'INT：228', 'DEF：138', 'SPD：232')","('肃清闪光', '受到適性不利的种族攻击时，灭輕伤害10%，變化爲SP。')","[('极光波动', '对敌方全体发动光属性威力80的魔法攻击。必定命中。解除对自身的状态异常不利效果。')]","['Lv.神圣之光Ⅲ', 'Lv.安全守护', 'Lv.最终灵气', 'Lv.闪耀雷射Ⅲ', 'Lv.完美复活']"
227,究极吸血魔兽,怨毒吸血魔兽,究极体,病毒,暗,3,20,双刀,"['地狱使者兽', '吸血魔兽', '死神兽', '斗牛士兽', '贤者兽']",[],"('等级：55', 'HP：1200', 'SP：110', 'ATK：110', 'DEF：', 'INT：110', 'SPD：', '友情：', '才能：40', '')","('HP：1050', 'SP：71', 'ATK：135', 'INT：90', 'DEF：60', 'SPD：89')","('HP：2030', 'SP：169', 'ATK：252', 'INT：207', 'DEF：148', 'SPD：187')","('噩梦军团', '暗属性技能造成的伤害增加15%。')","[('剧毒流注', '对敌方单体发动威力135的暗属性物理攻击，并有50%的机率使对方中毒。')]","['Lv.破坏加农Ⅲ', 'Lv.死亡召唤', 'Lv.物理耗竭', 'Lv.守备破坏力场', 'Lv.地狱粉碎Ⅲ']"
228,战斗暴龙兽,,究极体,疫苗,火,2,20,攻击,"['豆豆兽', '机械暴龙兽', '机械暴龙兽（蓝）']",['奥米加兽'],"('等级：55', 'HP：1700', 'SP：', 'ATK：160', 'DEF：130', 'INT：', 'SPD：', '友情：80', '才能：20', '')","('HP：1050', 'SP：59', 'ATK：130', 'INT：60', 'DEF：105', 'SPD：91')","('HP：2220', 'SP：137', 'ATK：257', 'INT：138', 'DEF：222', 'SPD：189')","('龙之怒吼', '火属性技能造成的伤害增加15%。')","[('盖亚能量炮', '对敌方全体发动威力90的火属性物理攻击，并有30%的机率使自己的ATK提升20%。'), ('神圣龙卷风', '对敌方单体发动无属性高威力的DEF贯穿攻击。')]","['Lv.流星坠落Ⅱ', 'Lv.云雾汽油弹Ⅲ', 'Lv.攻击填充力场', 'Lv.重度强袭Ⅲ', 'Lv.流星坠落Ⅲ']"
229,神圣天女兽,座天使兽,究极体,疫苗,光,2,20,智力,"['天女兽', '妖精兽']",[],"('等级：55', 'HP：', 'SP：120', 'ATK：', 'DEF：120', 'INT：145', 'SPD：', '友情：', '才能：40', '')","('HP：450', 'SP：120', 'ATK：65', 'INT：130', 'DEF：120', 'SPD：95')","('HP：1230', 'SP：247', 'ATK：143', 'INT：257', 'DEF：208', 'SPD：212')","('神圣环', 'HP回复效果增加20%。')","[('伊甸园标枪', '对敌方单体发动威力120的光属性魔法攻击，并有30%的机率使自己的INT提升20%。')]","['Lv20.闪耀雷射Ⅱ', 'Lv35.完美复活', 'Lv50.最终灵气', 'Lv65.神圣之光Ⅲ', 'Lv80.闪耀雷射Ⅲ']"
230,凯王兽,,究极体,病毒,火,3,18,速攻,"['机械暴龙兽', '机械暴龙兽（蓝）', '进升暴龙兽', '龙王兽']",[],"('等级：50', 'HP：', 'SP：', 'ATK：120', 'DEF：100', 'INT：', 'SPD：100', '友情：', '才能：20', '')","('HP：1050', 'SP：55', 'ATK：140', 'INT：55', 'DEF：85', 'SPD：100')","('HP：2220', 'SP：143', 'ATK：267', 'INT：133', 'DEF：173', 'SPD：217')","('背水之阵', '给予敌人的伤害增加20%，但受到的伤害也增加20%。')","[('燐火斩', '对敌方单体发动2次威力70的火属性物理攻击。')]","['Lv.死亡召唤', 'Lv.云雾汽油弹Ⅲ', 'Lv.守备破坏力场', 'Lv.流星坠落Ⅱ', 'Lv.流星坠落Ⅲ']"
231,凯撒暴龙兽,,究极体,自由,火,2,20,双刀,['炎龙兽'],['金刚武神兽'],"('等级：55', 'HP：1500', 'SP：', 'ATK：150', 'DEF：120', 'INT：', 'SPD：', '友情：80', '才能：20', '')","('HP：1150', 'SP：50', 'ATK：148', 'INT：65', 'DEF：107', 'SPD：90')","('HP：2130', 'SP：148', 'ATK：265', 'INT：182', 'DEF：195', 'SPD：188')","('风为焰，冰牙成吾剑', '增加 火·风·草·土属性技能所给予的伤害8%。')","[('炎龙击', '对敌方单体发动火属性威力140的物理攻击。')]","['Lv.云雾汽油弹Ⅲ', 'Lv.烈风利爪Ⅲ', 'Lv.晕眩冲击', 'Lv.地牛翻身Ⅱ', 'Lv.流星坠落Ⅲ']"
232,混沌公爵兽,,,,,,,,[],[],"('等级：', 'HP：', 'SP：', 'ATK：', 'DEF：', 'INT：', 'SPD：', '友情：', '才能：', '')","('HP：', 'SP：', 'ATK：', 'INT：', 'DEF：', 'SPD：')","('HP：', 'SP：', 'ATK：', 'INT：', 'DEF：', 'SPD：')","('', '')","[('', '')]",[]
233,混沌龙兽,,究极体,病毒,雷,2,20,攻击,['机械邪龙兽'],[],"('等级：50', 'HP：1500', 'SP：', 'ATK：130', 'DEF：120', 'INT：', 'SPD：', '友情：', '才能：20', '')","('HP：1050', 'SP：60', 'ATK：140', 'INT：70', 'DEF：115', 'SPD：85')","('HP：2220', 'SP：138', 'ATK：267', 'INT：148', 'DEF：232', 'SPD：183')","('背水之阵', '给予敌人的伤害增加20%，但受到的伤害也增加20%。')","[('高能无限加农炮', '对敌方全体发动雷属性威力115的物理攻击。'), ('终极毀灭炮', '对敌方单体发动雷属性高威力的DEF贯穿攻击。ACU 80%。使对方中剧毒。')]","['Lv.马赫突击Ⅱ', 'Lv.加速增幅器', 'Lv.奈米机械破坏Ⅲ', 'Lv.闪电坠击Ⅱ', 'Lv.闪电坠击Ⅲ']"
234,顽固兽,,究极体,资料,火,2,22,攻击,"['超级流星兽', '死神火焰兽', '火山兽']",[],"('等级：60', 'HP：1700', 'SP：', 'ATK：145', 'DEF：120', 'INT：', 'SPD：', '友情：', '才能：80', '')","('HP：1500', 'SP：51', 'ATK：125', 'INT：70', 'DEF：105', 'SPD：89')","('HP：2670', 'SP：129', 'ATK：252', 'INT：148', 'DEF：222', 'SPD：187')","('师父的气概', 'HP在50%以上，遭受导致无法战斗的攻击时，能以HP1的状态承受住。')","[('地神!神鸣!神驰!亲父!', '对敌方单体发动4次威力35的火属性物理攻击。'), ('掀饭桌', '对敌方全体发动威力100的土属性物理攻击，ACU 70%，容易产生爆击。')]","['Lv.云雾汽油弹Ⅲ', 'Lv.加速增幅器', 'Lv.攻击填充力场', 'Lv.流星坠落Ⅱ', 'Lv.流星坠落Ⅲ']"
235,大王悟空兽,猿猴大王兽,究极体,病毒,土,3,18,防御,"['悟空兽', '怪蛙皇', '熊猫兽']",[],"('等级：45', 'HP：', 'SP：', 'ATK：110', 'DEF：130', 'INT：', 'SPD：100', '友情：', '才能：20', '')","('HP：800', 'SP：65', 'ATK：111', 'INT：78', 'DEF：100', 'SPD：86')","('HP：1780', 'SP：163', 'ATK：218', 'INT：185', 'DEF：227', 'SPD：164')","('强化猴子装', '受到的物理伤害减少15%。')","[('耍猴戏', '敌方单体的基本状态下降30%。连击发生率下降。')]","['Lv.地牛翻身Ⅱ', 'Lv.攻击填充力场', 'Lv.遗失锁链', 'Lv.彗星重锤Ⅲ', 'Lv.马赫突击Ⅲ']"
236,葛叶兽,,究极体,资料,暗,3,18,魔防,"['祖利兽', '祭师兽', '八咫鸦兽']",[],"('等级：55', 'HP：', 'SP：120', 'ATK：', 'DEF：', 'INT：135', 'SPD：120', '友情：', '才能：20', '')","('HP：850', 'SP：105', 'ATK：45', 'INT：130', 'DEF：80', 'SPD：95')","('HP：1920', 'SP：222', 'ATK：123', 'INT：257', 'DEF：178', 'SPD：183')","('心头灭却', '不会陷入混乱状态')","[('胎藏界曼荼罗', '对敌方全体发动威力70的暗属性魔法攻击，并解除对方提升的ACU、EVA、CRT。必定命中。')]","['Lv.梦魇Ⅲ', 'Lv.地狱粉碎Ⅱ', 'Lv.状态屏障', 'Lv.遗失锁链', 'Lv.地狱粉碎Ⅲ']"
237,究极古加兽,巨大古加兽,究极体,病毒,木,3,18,攻击,"['超比多兽', '大古加兽', '祖利兽', '恐蜂兽', '三角龙兽']",[],"('等级：45', 'HP：1500', 'SP：', 'ATK：120', 'DEF：120', 'INT：', 'SPD：', '友情：', '才能：20', '')","('HP：950', 'SP：49', 'ATK：115', 'INT：50', 'DEF：120', 'SPD：91')","('HP：2120', 'SP：127', 'ATK：242', 'INT：128', 'DEF：237', 'SPD：189')","('自然灵魂', '木属性技能造成的伤害增加15%。')","[('次元剪刀', '对敌方单体发动木属性高威力的DEF贯穿攻击。容易产生爆击。')]","['Lv.物理耗竭', 'Lv.新月之叶Ⅲ', 'Lv.狂风暴雨Ⅱ', 'Lv.攻击破坏力场', 'Lv.速度填充力场']"
238,大德古兽,大德拉库兽,究极体,病毒,暗,2,20,速度,"['吸血魔兽', '丧尸撒旦兽', '斗牛士兽']",[],"('等级：50', 'HP：1300', 'SP：', 'ATK：110', 'DEF：', 'INT：110', 'SPD：', '友情：', '才能：40', '')","('HP：900', 'SP：87', 'ATK：125', 'INT：120', 'DEF：65', 'SPD：88')","('HP：1780', 'SP：194', 'ATK：223', 'INT：218', 'DEF：163', 'SPD：215')","('吸血鬼之王', '依照HP吸取效果回复量25%，增加暗属性技能所给予的伤害10%。')","[('水晶革命', '对敌人全体使出水属性威力90的魔法攻击。吸取20%的HP'), ('美杜莎之眼', '使一位敌人DEF下降30%，产生混乱效果。')]","['Lv.梦魇Ⅲ', 'Lv.混乱鬼火', 'Lv.寒冰之箭Ⅲ', 'Lv.智能破坏力场', 'Lv.地狱粉碎Ⅲ']"
239,超级火车兽,大火车头兽,究极体,资料,雷,3,18,防御,"['千兆龙兽', '炮蜂兽', '分子兽']",[],"('等级：50', 'HP：', 'SP：', 'ATK：', 'DEF：160', 'INT：', 'SPD：120', '友情：', '才能：20', '')","('HP：650', 'SP：65', 'ATK：91', 'INT：80', 'DEF：150', 'SPD：89')","('HP：1630', 'SP：163', 'ATK：198', 'INT：187', 'DEF：277', 'SPD：167')","('铁壁的守护', 'DEF提升15%。')","[('破坏崩溃', '对敌方全体发动威力85的土属性魔法攻击。')]","['Lv.天国闪电Ⅲ', 'Lv.反液晶化', 'Lv.守备填充力场', 'Lv.闪电坠击Ⅱ', 'Lv.闪电坠击Ⅲ']"
240,狮鹫兽,,究极体,资料,风,3,18,速攻,"['伽楼达兽', '人面战鹰兽', '仙鹰兽']",[],"('等级：50', 'HP：', 'SP：110', 'ATK：', 'DEF：', 'INT：140', 'SPD：', '友情：', '才能：20', '')","('HP：680', 'SP：85', 'ATK：101', 'INT：91', 'DEF：60', 'SPD：115')","('HP：1850', 'SP：173', 'ATK：228', 'INT：169', 'DEF：148', 'SPD：232')","('风之守卫', '风属性技能造成的伤害增加15%。')","[('超音波之声', '对敌方单体发动风属性高威力的INT贯穿攻击。20%机率使对方陷入Bug。')]","['Lv.烈风利爪Ⅲ', 'Lv.闪耀雷射Ⅱ', 'Lv.速度填充力场', 'Lv.狂风暴雨Ⅲ', 'Lv.复活']"
241,颅骨兽,,究极体,疫苗,土,1,22,铁壁,"['安杜路兽', '骑士兽']",[],"('等级：60', 'HP：', 'SP：110', 'ATK：', 'DEF：180', 'INT：140', 'SPD：', '友情：', '才能：80', '')","('HP：1000', 'SP：90', 'ATK：80', 'INT：90', 'DEF：145', 'SPD：85')","('HP：2270', 'SP：197', 'ATK：168', 'INT：178', 'DEF：272', 'SPD：163')","('铁壁要塞', '受到的伤害减少10%。')","[('终结华尔兹', '对敌方全体发动3次威力35的无属性物理攻击。'), ('神之庇佑', '到下回合前所有的伤害无效化。')]","['Lv.雄伟巨石Ⅲ', 'Lv.地牛翻身Ⅱ', 'Lv.守备填充力场', 'Lv.盖亚元素Ⅲ', 'Lv.地牛翻身Ⅲ']"
242,基路比兽恶,智天使兽（恶）,究极体,病毒,暗,3,20,智力,"['玉兔兽', '机械暴龙兽（蓝）']",[],"('等级：55', 'HP：1100', 'SP：100', 'ATK：', 'DEF：', 'INT：100', 'SPD：', '友情：', '才能：40', '')","('HP：900', 'SP：125', 'ATK：55', 'INT：160', 'DEF：50', 'SPD：95')","('HP：1680', 'SP：252', 'ATK：133', 'INT：287', 'DEF：138', 'SPD：212')","('恶魔之心', 'SP吸收效果的回复量增加30%。')","[('紫电长矛', '对敌方单体发动雷属性高威力的INT贯穿攻击。容易产生CRT。')]","['Lv.梦魇Ⅲ', 'Lv.精神耗竭', 'Lv.地狱粉碎Ⅱ', 'Lv.地狱粉碎Ⅲ', 'Lv.状态屏障']"
243,基路比兽善,智天使兽（善）,究极体,疫苗,光,2,20,智力,"['玉兔兽', '新月兽', '古神兽']",[],"('等级：55', 'HP：', 'SP：120', 'ATK：', 'DEF：', 'INT：145', 'SPD：100', '友情：', '才能：40', '')","('HP：900', 'SP：125', 'ATK：55', 'INT：145', 'DEF：60', 'SPD：100')","('HP：1680', 'SP：252', 'ATK：133', 'INT：272', 'DEF：148', 'SPD：217')","('冥想', '每回合回复最大HP的6%。')","[('天国审判', '对敌方全体发动威力90的光属性魔法攻击，容易产生爆击。')]","['Lv.神圣之光Ⅲ', 'Lv.X灵气', 'Lv.闪耀雷射Ⅱ', 'Lv.闪耀雷射Ⅲ', 'Lv.安全守护']"
244,神龙兽,,究极体,疫苗,光,2,20,速攻,"['飞行V龙兽', '神圣天使兽', '超蛇龙兽', '龙王兽']",[],"('等级：55', 'HP：', 'SP：', 'ATK：130', 'DEF：120', 'INT：100', 'SPD：', '友情：', '才能：40', '')","('HP：1100', 'SP：55', 'ATK：130', 'INT：95', 'DEF：105', 'SPD：80')","('HP：2270', 'SP：143', 'ATK：257', 'INT：173', 'DEF：193', 'SPD：197')","('正义基因', '光属性技能造成的伤害增加15%。')","[('神之烈焰', '对敌方全体发动光属性威力100的物理攻击。')]","['Lv.神圣钩爪Ⅲ', 'Lv.云雾汽油弹Ⅲ', 'Lv.X灵气', 'Lv.辅助终结', 'Lv.闪电坠击Ⅲ']"
245,黄金剑狮兽,剑狮兽,究极体,资料,风,3,18,速攻,"['格斗狮子兽', '三角龙兽', '邦加兽', '熊仔兽']",[],"('等级：50', 'HP：', 'SP：', 'ATK：145', 'DEF：', 'INT：', 'SPD：120', '友情：', '才能：20', '')","('HP：1100', 'SP：55', 'ATK：165', 'INT：45', 'DEF：60', 'SPD：105')","('HP：2270', 'SP：143', 'ATK：292', 'INT：123', 'DEF：148', 'SPD：222')","('动物竞技场', '土属性技能造成的伤害增加15%。')","[('粉碎之爪', '对敌方单体发动2次威力65的土属性物理攻击。')]","['Lv.烈风利爪Ⅲ', 'Lv.加速增幅器', 'Lv.狂风暴雨Ⅱ', 'Lv.守备破坏力场', 'Lv.狂风暴雨Ⅲ']"
246,沙古牙兽,咲耶兽,究极体,资料,光,3,18,智力,"['人面战鹰兽', '祭师兽', '熊仔兽']",[],"('等级：55', 'HP：', 'SP：120', 'ATK：', 'DEF：', 'INT：120', 'SPD：120', '友情：', '才能：20', '')","('HP：600', 'SP：115', 'ATK：55', 'INT：125', 'DEF：70', 'SPD：115')","('HP：1380', 'SP：242', 'ATK：133', 'INT：252', 'DEF：158', 'SPD：232')","('巧妙的智慧', 'INT提升15%。')","[('金刚界曼荼罗', '对敌方全体发动威力70的光属性魔法攻击，并解除对方提升的基本状态。')]","['Lv.回复', 'Lv.闪耀雷射Ⅱ', 'Lv.最终治愈', 'Lv.神圣之光Ⅲ', 'Lv.状态屏障']"
247,杰斯兽,,究极体,资料,无,2,22,速攻,"['救星哈克兽', '杜兰兽']",[],"('等级：60', 'HP：', 'SP：', 'ATK：180', 'DEF：', 'INT：', 'SPD：180', '友情：80', '才能：80', '')","('HP：900', 'SP：75', 'ATK：135', 'INT：75', 'DEF：105', 'SPD：110')","('HP：2070', 'SP：163', 'ATK：262', 'INT：153', 'DEF：193', 'SPD：227')","('超越平凡', 'HP在25%以下时，SPD和EVA提升25%。')","[('辙剑制裁', '对敌方单体发动5次威力30的无属性物理攻击。'), ('剑灵', '到下回合前所受的伤害无效化，受到物理攻击或魔法攻击时，進入反击状态。')]","['Lv.守备填充力场', 'Lv.复活', 'Lv.攻击填充力场', 'Lv.马赫突击Ⅲ', 'Lv.流星坠落Ⅲ']"
248,闪光暴龙兽,,究极体,疫苗,光,2,20,速攻,"['丧尸暴龙兽', '神圣天使兽', '进升暴龙兽']",['闪光暴龙兽BM'],"('等级：55', 'HP：', 'SP：', 'ATK：140', 'DEF：', 'INT：', 'SPD：130', '友情：80', '才能：20', '')","('HP：1300', 'SP：70', 'ATK：140', 'INT：45', 'DEF：65', 'SPD：100')","('HP：2470', 'SP：158', 'ATK：267', 'INT：123', 'DEF：153', 'SPD：217')","('火灾现场的怪力', 'HP在50%以下时，ATK提升25%。')","[('大地暴龙剑', '对敌方单体发动威力130的火属性物理攻击，并使自己的ATK提升10%。')]","['Lv.神圣钩爪Ⅲ', 'Lv.灵气', 'Lv.地牛翻身Ⅱ', 'Lv.顶级锁链', 'Lv.流星坠落Ⅲ']"
249,闪光暴龙兽BM,,超究极体,疫苗,火,2,22,速攻,['闪光暴龙兽'],[],"('等级：60', 'HP：2000', 'SP：', 'ATK：250', 'DEF：', 'INT：', 'SPD：', '友情：100', '才能：30', '')","('HP：1400', 'SP：70', 'ATK：165', 'INT：45', 'DEF：60', 'SPD：110')","('HP：2570', 'SP：158', 'ATK：292', 'INT：123', 'DEF：148', 'SPD：227')","('闪烁爆裂', '受到的魔法伤害增加50%，但攻击力提升25%。')","[('终极闪烁爆裂', '对敌方全体发动威力200的火属性物理攻击。自身ATK下降50%，ACU90%。')]","['Lv.攻击填充', 'Lv.攻击破坏力场', 'Lv.重度强袭Ⅲ', 'Lv.加速增幅器', 'Lv.状态屏障']"
250,裁决兽,正义兽,究极体,疫苗,光,3,18,攻击,"['伽楼达兽', '捕捉豆豆兽', '电子龙兽', '超级流星兽', '熊猫兽']",[],"('等级：50', 'HP：1000', 'SP：', 'ATK：130', 'DEF：110', 'INT：', 'SPD：', '友情：80', '才能：20', '')","('HP：950', 'SP：60', 'ATK：130', 'INT：60', 'DEF：100', 'SPD：95')","('HP：2120', 'SP：138', 'ATK：257', 'INT：138', 'DEF：217', 'SPD：193')","('正义的团结', '连击的发生、持续机率提升10%')","[('审判飞脚', '对敌方单体发动威力130的无属性物理攻击，并有5%的机率使自己的ATK提升50%。')]","['Lv.神圣钩爪Ⅲ', 'Lv.加速增幅器', 'Lv.交叉拳', 'Lv.复活', 'Lv.顶级锁链']"
251,八脚马兽,斯雷普兽,究极体,疫苗,光,1,22,速度,"['新月兽', '麒麟兽', '多路龙兽']",[],"('等级：60', 'HP：', 'SP：', 'ATK：', 'DEF：140', 'INT：120', 'SPD：150', '友情：', '才能：80', '')","('HP：700', 'SP：100', 'ATK：90', 'INT：105', 'DEF：105', 'SPD：120')","('HP：1580', 'SP：207', 'ATK：188', 'INT：203', 'DEF：203', 'SPD：247')","('神秘的守护', '陷入异常状态的机率降低50%。')","[('虹桥', '对敌方单体发动威力120的光属性魔法攻击，并使自己的SPD提升10%。'), ('奧丁之息', '对敌方全体发动威力105的水属性物理攻击，并有10%的机率使对方睡眠。')]","['Lv.闪耀雷射Ⅱ', 'Lv.神圣钩爪Ⅲ', 'Lv.闪耀雷射Ⅲ', 'Lv.回复', 'Lv.最终治愈']"
252,斩龙兽,,究极体,疫苗,风,2,20,万能,"['翼龙兽', '救星哈克兽', '进升暴龙兽']",['艾克萨兽'],"('等级：55', 'HP：1300', 'SP：', 'ATK：130', 'DEF：', 'INT：', 'SPD：130', '友情：', '才能：20', '')","('HP：1000', 'SP：95', 'ATK：120', 'INT：80', 'DEF：80', 'SPD：100')","('HP：2070', 'SP：202', 'ATK：218', 'INT：178', 'DEF：178', 'SPD：207')","('天龙', '增加风属性技能所给予的伤害，且SPD也增加10%。')","[('天龙斩破', '对敌方单体发动无属性高威力的DEF贯穿攻击。提升自我SPD 10%。')]","['Lv.重度强袭Ⅲ', 'Lv.攻击填充力场', 'Lv.速度填充力场', 'Lv.X灵气', 'Lv.狂风暴雨Ⅲ']"
253,究极天使兽,炽天使兽,究极体,疫苗,光,2,20,魔防,"['麒麟兽', '仙鹰兽', '神圣天使兽']",[],"('等级：55', 'HP：', 'SP：130', 'ATK：', 'DEF：130', 'INT：150', 'SPD：', '友情：50', '才能：40', '')","('HP：950', 'SP：104', 'ATK：55', 'INT：135', 'DEF：95', 'SPD：91')","('HP：2020', 'SP：221', 'ATK：133', 'INT：262', 'DEF：193', 'SPD：179')","('正义基因', '光属性技能造成的伤害增加15%。')","[('七重天堂', '对敌方全体发动7次威力15的光属性魔法攻击。')]","['Lv.神圣之光Ⅲ', 'Lv.闪耀雷射Ⅱ', 'Lv.最终治愈', 'Lv.闪耀雷射Ⅲ', 'Lv.完美复活']"
254,撒多格杜兽,圣加鲁哥兽,究极体,疫苗,雷,3,18,万能,"['炮蜂兽', '音速迦奥迦兽', '拉比兽']",[],"('等级：50', 'HP：', 'SP：', 'ATK：', 'DEF：130', 'INT：', 'SPD：130', '友情：', '才能：20', '')","('HP：900', 'SP：79', 'ATK：100', 'INT：70', 'DEF：90', 'SPD：91')","('HP：1970', 'SP：186', 'ATK：198', 'INT：168', 'DEF：188', 'SPD：198')","('百发百中', 'ACU提升15%。')","[('爆裂轰击', '对敌方全体发动2次威力50的火属性物理攻击。')]","['Lv.天国闪电Ⅲ', 'Lv.智能填充力场', 'Lv.闪电坠击Ⅱ', 'Lv.盖亚元素Ⅲ', 'Lv.顶级锁链']"
255,暗龙兽,,究极体,病毒,雷,3,18,攻击,"['千兆龙兽', '蓝色火焰兽', '大古拉兽']",['混沌兽'],"('等级：50', 'HP：', 'SP：', 'ATK：150', 'DEF：140', 'INT：', 'SPD：', '友情：', '才能：20', '')","('HP：1000', 'SP：55', 'ATK：125', 'INT：60', 'DEF：90', 'SPD：90')","('HP：2170', 'SP：133', 'ATK：252', 'INT：138', 'DEF：207', 'SPD：188')","('D-军团', '命中率与爆击发生率上升10%。')","[('黑暗咆哮', '给予敌单体威力130的暗属性物理攻击。命中率90%。易发生爆击。')]","['Lv.爆击填充', 'Lv.加速增幅器', 'Lv.守备破坏力场', 'Lv.奈米机械破坏Ⅲ', 'Lv.闪电坠击Ⅲ']"
256,虎蜂兽,,究极体,病毒,雷,3,18,速攻,"['安杜路兽', '炮蜂兽', '黄金剑士兽', '杜兰兽', '拉比兽']",[],"('等级：50', 'HP：1000', 'SP：', 'ATK：120', 'DEF：', 'INT：', 'SPD：130', '友情：', '才能：20', '')","('HP：1050', 'SP：60', 'ATK：130', 'INT：60', 'DEF：70', 'SPD：115')","('HP：2220', 'SP：148', 'ATK：257', 'INT：138', 'DEF：158', 'SPD：232')","('皇家突击队', '发动攻击时，有10%的机率使对方麻痹。')","[('马赫刺针V', '对敌方单体发动6次威力20的雷属性物理攻击，容易产生爆击。')]","['Lv.奈米机械破坏Ⅲ', 'Lv.速度填充力场', 'Lv.新月之叶', 'Lv.反射镜', 'Lv.闪电坠击Ⅲ']"
257,泰坦兽,,究极体,病毒,土,3,18,HP,"['电子龙兽', '丧尸暴龙兽', '蛋蛋兽', '死神兽']",[],"('等级：55', 'HP：1400', 'SP：', 'ATK：150', 'DEF：', 'INT：120', 'SPD：', '友情：', '才能：20', '')","('HP：1300', 'SP：55', 'ATK：130', 'INT：65', 'DEF：75', 'SPD：85')","('HP：2570', 'SP：143', 'ATK：237', 'INT：163', 'DEF：182', 'SPD：173')","('奋力的一击', 'CRT提升15%。')","[('魂魄芯击', '对敌方单体发动土属性高威力的DEF贯穿攻击。')]","['Lv.地牛翻身Ⅱ', 'Lv.彗星重锤Ⅲ', 'Lv.守备破坏力场', 'Lv.新月之叶Ⅲ', 'Lv.地牛翻身Ⅲ']"
258,暴君比多兽,,究极体,病毒,木,2,20,魔防,['力神比多兽'],[],"('等级：55', 'HP：1600', 'SP：', 'ATK：140', 'DEF：130', 'INT：', 'SPD：', '友情：', '才能：40', '')","('HP：1000', 'SP：50', 'ATK：135', 'INT：60', 'DEF：115', 'SPD：115')","('HP：2070', 'SP：167', 'ATK：213', 'INT：187', 'DEF：213', 'SPD：203')","('自然灵魂', '木属性技能造成的伤害增加15%。')","[('虫之爆闪', '对敌方全体发动火属性威力高威力的DEF贯穿攻击。使用后将因反作用力一回合无法行动。')]","['Lv.新月之叶Ⅲ', 'Lv.闪电坠击Ⅱ', 'Lv.流星坠落Ⅱ', 'Lv.速度破坏力场', 'Lv.速度填充力场']"
259,狄安娜兽,,究极体,资料,水,3,20,智力,"['玉兔兽', '陨石兽', '新月兽', '祭师兽']",[],"('等级：55', 'HP：', 'SP：', 'ATK：', 'DEF：120', 'INT：130', 'SPD：130', '友情：', '才能：20', '')","('HP：400', 'SP：115', 'ATK：50', 'INT：135', 'DEF：110', 'SPD：125')","('HP：1180', 'SP：242', 'ATK：128', 'INT：262', 'DEF：198', 'SPD：242')","('月下冰刃', '水、光属性技能造成的伤害增加10%。')","[('晚安之月', '对敌方单体发动威力120的光属性魔法攻击，并有50%的机率使对方睡眠。')]","['Lv.驱散', 'Lv.反射镜', 'Lv.梦魇Ⅲ', 'Lv.回复', 'Lv.大海波浪Ⅲ']"
260,超恶魔兽,,究极体,自由,暗,2,20,速攻,"['阿卡迪兽完全体', '玉兔兽', '地狱使者兽', '大古加兽', '丧尸撒旦兽']",['灭世魔兽'],"('等级：55', 'HP：1100', 'SP：', 'ATK：180', 'DEF：', 'INT：', 'SPD：130', '友情：', '才能：20', '')","('HP：1100', 'SP：70', 'ATK：180', 'INT：40', 'DEF：60', 'SPD：115')","('HP：2270', 'SP：158', 'ATK：307', 'INT：118', 'DEF：148', 'SPD：232')","('破坏神', '发动攻击时，有10%的机率使对方立即死亡。')","[('大灾难', '对敌方单体发动3次威力80的火属性物理攻击，使用后将因反作用力而无法行动1回合。')]","['Lv.破坏加农Ⅲ', 'Lv.死亡召唤', 'Lv.马赫突击Ⅱ', 'Lv.守备破坏力场', 'Lv.流星坠落Ⅲ']"
261,究极魔兽,,究极体,病毒,暗,2,22,双刀,"['阿卡迪兽完全体', '丧尸暴龙兽', '丧尸撒旦兽', '蓝色火焰兽']",[],"('等级：60', 'HP：1600', 'SP：', 'ATK：230', 'DEF：', 'INT：160', 'SPD：', '友情：', '才能：80', '')","('HP：950', 'SP：84', 'ATK：125', 'INT：125', 'DEF：70', 'SPD：91')","('HP：1930', 'SP：182', 'ATK：242', 'INT：242', 'DEF：158', 'SPD：189')","('愤怒', 'HP在25%以下时，INT提升50%。')","[('火焰地狱', '对敌方全体发动威力90的火属性魔法攻击。')]","['Lv.梦魇Ⅲ', 'Lv.闪电坠击Ⅱ', 'Lv.智能破坏力场', 'Lv.爆裂火焰Ⅲ', 'Lv.地狱粉碎Ⅲ']"
262,红莲骑士兽,公爵兽,究极体,病毒,光,1,22,万能,"['大古拉兽', '钢铁巨龙兽']",['红莲骑士兽CM'],"('等级：60', 'HP：', 'SP：', 'ATK：140', 'DEF：140', 'INT：140', 'SPD：', '友情：50', '才能：80', '')","('HP：950', 'SP：95', 'ATK：100', 'INT：100', 'DEF：105', 'SPD：95')","('HP：2020', 'SP：202', 'ATK：198', 'INT：198', 'DEF：203', 'SPD：202')","('万能', 'ATK、DEF、INT、SPD提升5%。')","[('皇家枪击', '对敌方单体发动威力140的光属性物理攻击，并有50%的机率使自己的DEF提升10%。'), ('极乐净土', '对敌方单体发动威力115的光属性魔法攻击，必定命中，并解除自己被降低的基本状态。')]","['Lv.神圣钩爪Ⅲ', 'Lv.X治愈', 'Lv.守备填充力场', 'Lv.爆裂火焰Ⅲ', 'Lv.流星坠落Ⅲ']"
263,杜纳斯兽,君主兽,究极体,资料,风,2,22,速攻,"['翼龙兽', '飞行V龙兽', '人面战鹰兽']",[],"('等级：60', 'HP：1200', 'SP：', 'ATK：140', 'DEF：120', 'INT：', 'SPD：130', '友情：', '才能：80', '')","('HP：1100', 'SP：70', 'ATK：150', 'INT：55', 'DEF：85', 'SPD：120')","('HP：2270', 'SP：158', 'ATK：277', 'INT：133', 'DEF：173', 'SPD：237')","('飞龙', '火、风属性技能造成的伤害增加10%。')","[('飞龙之息', '对敌方全体发动威力110的风属性物理攻击，使用后将因反作用力而受到HP20%的伤害。'), ('龙之怒吼', '对敌方单体发动2次威力60的火属性物理攻击，并吸收50%HP。')]","['Lv.烈风利爪Ⅲ', 'Lv.狂风暴雨Ⅱ', 'Lv.流星坠落Ⅱ', 'Lv.攻击破坏力场', 'Lv.狂风暴雨Ⅲ']"
264,杜兰达兽,,究极体,疫苗,无,2,20,攻击,"['黄金剑士兽', '杜兰兽', '骑士兽']",[],"('等级：60', 'HP：1500', 'SP：', 'ATK：140', 'DEF：120', 'INT：', 'SPD：', '友情：', '才能：20', '')","('HP：1080', 'SP：53', 'ATK：130', 'INT：56', 'DEF：117', 'SPD：86')","('HP：2250', 'SP：131', 'ATK：257', 'INT：134', 'DEF：234', 'SPD：184')","('Legend-Arms', '增加光·暗属性技能所给予的伤害10%。')","[('双重境界', '对敌方单体发动无属性威力150的物理攻击。')]","['Lv.重度强袭Ⅲ', 'Lv.辅助终结', 'Lv.交叉拳', 'Lv.攻击填充力场', 'Lv.马赫突击Ⅲ']"
265,芳香兽,,究极体,资料,光,3,22,智力,"['格斗狮子兽', '骑士兽']",['芳香兽LM'],"('等级：60', 'HP：', 'SP：100', 'ATK：', 'DEF：', 'INT：120', 'SPD：140', '友情：', '才能：80', '')","('HP：600', 'SP：125', 'ATK：85', 'INT：120', 'DEF：70', 'SPD：130')","('HP：1380', 'SP：252', 'ATK：163', 'INT：247', 'DEF：158', 'SPD：247')","('战略家', '使用技能时消費的SP减少20%。')","[('灭绝', '对敌方全体发动威力80的光属性魔法攻击，必定命中。'), ('炽烈回马枪', '对敌方单体发动威力110的暗属性魔法攻击，并使对方的DEF降低20%。')]","['Lv.神圣钩爪Ⅲ', 'Lv.速度破坏力场', 'Lv.闪耀雷射Ⅲ', 'Lv.地牛翻身Ⅲ', 'Lv.辅助终结']"
266,芳香兽LM,,究极体,资料,土,3,25,速度,[],['芳香兽'],"('等级：', 'HP：', 'SP：', 'ATK：', 'DEF：', 'INT：', 'SPD：', '友情：', '才能：', '「芳香兽」形态切换')","('HP：850', 'SP：100', 'ATK：110', 'INT：90', 'DEF：80', 'SPD：155')","('HP：1730', 'SP：207', 'ATK：208', 'INT：188', 'DEF：178', 'SPD：282')","('猎豹形态', 'EVA和CRT提升5%，SPD提升10%。')","[('摩天大厦', '对敌方单体发动威力145的土属性物理攻击，并有35%的机率使对方眩晕，ACU 90%。')]","['Lv20.神圣钩爪Ⅲ', 'Lv35.速度破坏力场', 'Lv50.闪耀雷射Ⅲ', 'Lv65.地牛翻身Ⅲ', 'Lv80.辅助终结']"
267,多路战龙兽,,究极体,资料,暗,2,18,双刀,"['千兆龙兽', '黄金剑士兽', '多路龙兽']",[],"('等级：50', 'HP：1600', 'SP：', 'ATK：160', 'DEF：', 'INT：', 'SPD：', '友情：', '才能：20', '')","('HP：1150', 'SP：42', 'ATK：167', 'INT：30', 'DEF：90', 'SPD：96')","('HP：2130', 'SP：140', 'ATK：284', 'INT：147', 'DEF：178', 'SPD：194')","('奋力的一击', 'CRT提升15%。')","[('勇者金徽', '对敌方单体发动暗属性威力180的物理攻击。使用后将因反作用力一回合无法行动。')]","['Lv.云雾汽油弹Ⅲ', 'Lv.加速增幅器', 'Lv.彗星重锤Ⅲ', 'Lv.攻击填充力场', 'Lv.流星坠落Ⅲ']"
268,尼普顿兽,,究极体,疫苗,水,2,20,防御,"['达高兽', '巨鲸兽', '超海龙兽']",[],"('等级：55', 'HP：1000', 'SP：100', 'ATK：', 'DEF：', 'INT：130', 'SPD：', '友情：', '才能：20', '')","('HP：950', 'SP：88', 'ATK：105', 'INT：120', 'DEF：67', 'SPD：100')","('HP：1930', 'SP：186', 'ATK：212', 'INT：227', 'DEF：194', 'SPD：178')","('深海救星', '水属性技能造成的伤害增加15%。')","[('涡流贯刺', '对敌方单体发动水属性的DEF贯穿攻击。必定命中。')]","['Lv.寒冰之箭Ⅲ', 'Lv.偶像泡沫', 'Lv.反射镜', 'Lv.大海波浪Ⅱ', 'Lv.发电水流Ⅲ']"
269,高级安杜路兽,高等机械人兽,究极体,疫苗,雷,3,18,防御,"['安杜路兽', '入侵者兽', '钢铁豆豆兽']",[],"('等级：55', 'HP：', 'SP：', 'ATK：100', 'DEF：130', 'INT：100', 'SPD：', '友情：', '才能：20', '')","('HP：700', 'SP：65', 'ATK：100', 'INT：85', 'DEF：115', 'SPD：85')","('HP：1680', 'SP：163', 'ATK：207', 'INT：192', 'DEF：242', 'SPD：163')","('钢铁帝国', '雷属性技能造成的伤害增加15%。')","[('原子射线', '对敌方单体发动威力125的雷属性物理攻击，并有40%的机率使对方眩晕。')]","['Lv.闪电坠击Ⅱ', 'Lv.力量能源Ⅲ', 'Lv.天国闪电Ⅲ', 'Lv.守备填充力场', 'Lv.闪电坠击Ⅲ']"
270,摔角火山兽,摔跤火山兽,究极体,资料,火,2,18,攻击,"['悟空兽', '格斗狮子兽', '火山兽']",[],"('等级：50', 'HP：', 'SP：', 'ATK：120', 'DEF：135', 'INT：', 'SPD：', '友情：', '才能：20', '')","('HP：750', 'SP：70', 'ATK：110', 'INT：72', 'DEF：105', 'SPD：88')","('HP：1920', 'SP：148', 'ATK：237', 'INT：150', 'DEF：222', 'SPD：186')","('强力接招', 'EVA大幅下降，但所受损伤减少15%。')","[('火山驱动技', '对敌方单体发动火属性威力130的物理攻击，容易产生爆击。')]","['Lv.马赫突击Ⅱ', 'Lv.云雾汽油弹Ⅲ', 'Lv.交叉拳', 'Lv.流星坠落Ⅱ', 'Lv.马赫突击Ⅲ']"
271,巴尔巴兽,,究极体,病毒,暗,2,22,魔防,"['吸血魔兽', '死神兽', '蓝色火焰兽']",[],"('等级：60', 'HP：', 'SP：160', 'ATK：', 'DEF：120', 'INT：200', 'SPD：', '友情：', '才能：80', '')","('HP：800', 'SP：126', 'ATK：45', 'INT：170', 'DEF：80', 'SPD：89')","('HP：1870', 'SP：243', 'ATK：123', 'INT：297', 'DEF：178', 'SPD：177')","('贪婪', '因HP吸收效果、SP吸收效果回复量增加20%。')","[('群魔殿迷失', '对敌方全体发动威力80的暗属性魔法攻击，并吸收20%HP。')]","['Lv.梦魇Ⅲ', 'Lv.地狱粉碎Ⅱ', 'Lv.爆裂火焰Ⅲ', 'Lv.精神耗竭', 'Lv.地狱粉碎Ⅲ']"
272,番长狮子兽,,究极体,疫苗,土,3,18,攻击,"['格斗狮子兽', '邦加兽', '熊猫兽', '音速迦奥迦兽', '黑兽人加鲁鲁']","['混沌兽', '混沌兽VA']","('等级：55', 'HP：', 'SP：', 'ATK：120', 'DEF：130', 'INT：', 'SPD：', '友情：', '才能：20', '')","('HP：1050', 'SP：45', 'ATK：130', 'INT：41', 'DEF：130', 'SPD：89')","('HP：2220', 'SP：123', 'ATK：257', 'INT：119', 'DEF：247', 'SPD：187')","('背水之阵', '给予敌人的伤害增加20%，但受到的伤害也增加20%。')","[('闪光番长拳', '对敌方单体发动威力130的光属性物理攻击，并有75%的机率使对方眩晕。')]","['Lv.地牛翻身Ⅱ', 'Lv.加速增幅器', 'Lv.彗星重锤Ⅲ', 'Lv.攻击填充力场', 'Lv.地牛翻身Ⅲ']"
273,小丑皇,,究极体,病毒,暗,3,18,智力,"['吸血魔兽', '悟空兽', '斗牛士兽', '贤者兽']",['启示录兽'],"('等级：50', 'HP：', 'SP：', 'ATK：130', 'DEF：', 'INT：160', 'SPD：110', '友情：', '才能：20', '')","('HP：500', 'SP：115', 'ATK：90', 'INT：120', 'DEF：60', 'SPD：105')","('HP：1280', 'SP：242', 'ATK：168', 'INT：247', 'DEF：148', 'SPD：222')","('魔术师', '发动攻击时，有10%的机率使对方液晶化。')","[('王牌飞剑', '对敌方单体发动4次威力35的无属性魔法攻击，并使对方的輔助技能无效化。')]","['Lv.死亡召唤', 'Lv.地狱粉碎Ⅱ', 'Lv.梦魇Ⅲ', 'Lv.结构痛击', 'Lv.地狱粉碎Ⅲ']"
274,木偶兽,,究极体,病毒,木,3,18,防御,"['捕捉豆豆兽', '祖利兽', '南瓜兽', '豆豆兽']",['启示录兽'],"('等级：50', 'HP：', 'SP：', 'ATK：130', 'DEF：130', 'INT：130', 'SPD：', '友情：', '才能：20', '')","('HP：650', 'SP：65', 'ATK：110', 'INT：95', 'DEF：100', 'SPD：85')","('HP：1630', 'SP：163', 'ATK：217', 'INT：202', 'DEF：227', 'SPD：163')","('奇异的舞蹈', '发动攻击时，有10%的机率使对方混乱。')","[('爆炸铁锤', '对敌方单体发动威力125的土属性物理攻击，并有50%的机率使对方眩晕。')]","['Lv.新月之叶Ⅲ', 'Lv.雄伟巨石Ⅲ', 'Lv.智能破坏力场', 'Lv.符文之森Ⅱ', 'Lv.符文之森Ⅲ']"
275,白金鼻涕兽,,究极体,病毒,无,3,16,速度,"['黄金鼻涕兽', '悟空兽', '超级流星兽', '黑帝鼻涕兽']",[],"('等级：65', 'HP：', 'SP：', 'ATK：', 'DEF：', 'INT：', 'SPD：', '友情：', '才能：10', '')","('HP：10', 'SP：79', 'ATK：50', 'INT：1', 'DEF：999', 'SPD：81')","('HP：890', 'SP：186', 'ATK：148', 'INT：99', 'DEF：999', 'SPD：208')","('白金红利', '大幅的增加在战斗中获得的EXP。')","[('白金粪便', '对敌方单体发动4次威力35的土属性物理攻击，并有30%的机率使对方的ATK降低10%。')]","['Lv.疾速逃脱', 'Lv.攻击破坏力场', 'Lv.守备破坏力场', 'Lv.智能破坏力场', 'Lv.速度破坏力场']"
276,黑暗战斗暴龙兽,,究极体,病毒,火,2,20,攻击,"['超蛇龙兽', '机械暴龙兽（蓝）', '钢铁巨龙兽']",['黑奥米加兽'],"('等级：55', 'HP：1800', 'SP：', 'ATK：140', 'DEF：140', 'INT：', 'SPD：', '友情：', '才能：20', '')","('HP：1150', 'SP：54', 'ATK：120', 'INT：50', 'DEF：120', 'SPD：91')","('HP：2320', 'SP：132', 'ATK：247', 'INT：128', 'DEF：237', 'SPD：189')","('龙之愤怒', 'ATK提升15%。')","[('黑暗盖亚能量炮', '对敌方全体发动威力100的暗属性物理攻击，并有30%的机率使自己的DEF提升20%。'), ('黑暗龙卷风', '对敌方单体发动暗属性高威力的DEF贯穿攻击。')]","['Lv.流星坠落Ⅱ', 'Lv.云雾汽油弹Ⅲ', 'Lv.守备填充力场', 'Lv.马赫突击Ⅱ', 'Lv.流星坠落Ⅲ']"
277,王子豆豆兽,,究极体,资料,无,3,16,铁壁,"['捕捉豆豆兽', '黑帝鼻涕兽', '豆豆兽', '钢铁豆豆兽']",[],"('等级：45', 'HP：', 'SP：', 'ATK：', 'DEF：150', 'INT：', 'SPD：', '友情：', '才能：20', '')","('HP：1000', 'SP：84', 'ATK：60', 'INT：65', 'DEF：110', 'SPD：91')","('HP：2270', 'SP：191', 'ATK：148', 'INT：153', 'DEF：237', 'SPD：169')","('百万富翁', '增加战斗时获取的YEN。')","[('微笑弹头', '对敌方单体发动威力110的无属性物理攻击，并产生击退效果。')]","['Lv.负极锁链', 'Lv.疾速逃脱', 'Lv.力量能源', 'Lv.智能填充力场', 'Lv.最终治愈']"
278,破坏龙兽,,究极体,病毒,土,2,20,攻击,"['地龙兽', '三角龙兽', '多路龙兽', '钢铁巨龙兽']",['艾克萨兽'],"('等级：55', 'HP：1500', 'SP：', 'ATK：160', 'DEF：140', 'INT：', 'SPD：', '友情：', '才能：20', '')","('HP：1300', 'SP：50', 'ATK：150', 'INT：55', 'DEF：110', 'SPD：80')","('HP：2470', 'SP：128', 'ATK：277', 'INT：133', 'DEF：227', 'SPD：178')","('地龙', '增加土属性技能所给予的伤害，且ATK也增加10%。')","[('毁灭冲刺', '对敌方单体发动土属性威力25的物理攻击5次。容易产生CRT。')]","['Lv.闪电坠击Ⅱ', 'Lv.守备破坏力场', 'Lv.奈米机械破坏Ⅲ', 'Lv.闪电坠击Ⅲ', 'Lv.地牛翻身Ⅲ']"
279,蛇颈龙兽,,究极体,资料,水,3,18,魔防,"['祖顿兽', '怪蛙皇', '巨鲸兽', '超海龙兽']",[],"('等级：50', 'HP：', 'SP：100', 'ATK：', 'DEF：120', 'INT：145', 'SPD：', '友情：', '才能：20', '')","('HP：1150', 'SP：95', 'ATK：35', 'INT：125', 'DEF：65', 'SPD：85')","('HP：2220', 'SP：212', 'ATK：113', 'INT：252', 'DEF：163', 'SPD：173')","('深海的睡眠', '发动攻击时，有10%的机率使对方睡眠。')","[('悲痛之蓝', '对敌方全体发动水属性中威力的INT贯穿攻击，并有25%的机率使对方睡眠。')]","['Lv.大海波浪Ⅱ', 'Lv.X灵气', 'Lv.发电水流Ⅲ', 'Lv.状态屏障', 'Lv.大海波浪Ⅲ']"
280,力神比多兽,,究极体,疫苗,木,3,18,铁壁,"['超比多兽', '大古加兽', '入侵者兽']",['暴君比多兽'],"('等级：50', 'HP：1100', 'SP：', 'ATK：', 'DEF：150', 'INT：120', 'SPD：', '友情：', '才能：20', '')","('HP：1050', 'SP：75', 'ATK：70', 'INT：80', 'DEF：105', 'SPD：85')","('HP：2320', 'SP：182', 'ATK：158', 'INT：168', 'DEF：232', 'SPD：163')","('麻痹如水流', '不会陷入麻痹状态')","[('千兆爆破', '对敌方单体发动威力130的雷属性魔法攻击。')]","['Lv.盖亚元素Ⅲ', 'Lv.闪电坠击Ⅱ', 'Lv.符文之森Ⅱ', 'Lv.智能填充力场', 'Lv.符文之森Ⅲ']"
281,堕天地狱兽,别西卜兽,究极体,病毒,暗,1,22,速攻,"['地狱使者兽', '死神火焰兽']",['堕天地狱兽BM'],"('等级：60', 'HP：2000', 'SP：', 'ATK：250', 'DEF：', 'INT：', 'SPD：150', '友情：', '才能：80', '')","('HP：1100', 'SP：70', 'ATK：165', 'INT：60', 'DEF：75', 'SPD：110')","('HP：2270', 'SP：158', 'ATK：292', 'INT：138', 'DEF：163', 'SPD：227')","('暴食', '每回合减少最大HP的5%，ATK提升5%。')","[('双重冲击', '对敌方单体发动8次威力20的暗属性物理攻击，ACU 90%。')]","['Lv.破坏加农Ⅲ', 'Lv.物理耗竭', 'Lv.彗星重锤Ⅲ', 'Lv.流星坠落Ⅱ', 'Lv.地狱粉碎Ⅲ']"
282,堕天地狱兽BM,别西卜兽BM,究极体,病毒,暗,2,25,速攻,['堕天地狱兽'],[],"('等级：80', 'HP：2100', 'SP：', 'ATK：300', 'DEF：', 'INT：', 'SPD：220', '友情：100', '才能：100', '')","('HP：1100', 'SP：70', 'ATK：175', 'INT：65', 'DEF：80', 'SPD：120')","('HP：2270', 'SP：158', 'ATK：302', 'INT：143', 'DEF：168', 'SPD：237')","('正电子炮', '攻击力增加10%，HP吸收效果的回复量增加30%。')","[('混沌烈焰', '对敌方单体发动暗属性高威力的INT贯穿攻击(翻译错误,其实是DEF),并吸收20%的HP。')]","['Lv.烈风利爪Ⅲ', 'Lv.加速增幅器', 'Lv.云雾汽油弹Ⅲ', 'Lv.攻击填充力场', 'Lv.流星坠落Ⅲ']"
283,贝尔菲兽SM,,究极体,病毒,暗,1,22,魔防,"['蛋蛋兽', '贤者兽']",['贝尔菲兽RM'],"('等级：60', 'HP：1700', 'SP：140', 'ATK：', 'DEF：', 'INT：180', 'SPD：', '友情：', '才能：80', '')","('HP：1200', 'SP：120', 'ATK：50', 'INT：140', 'DEF：65', 'SPD：95')","('HP：2270', 'SP：237', 'ATK：128', 'INT：267', 'DEF：163', 'SPD：183')","('怠惰', '不会陷入睡眠状态。且在发动攻击时，有30%的机率使对方睡眠。')","[('永恒噩梦', '对敌方全体发动暗属性中威力的INT贯穿攻击，并有50%的机率使对方睡眠。')]","['Lv.破坏加农Ⅲ', 'Lv.负极锁链', 'Lv.雄伟巨石Ⅲ', 'Lv.智能破坏力场', 'Lv.地狱粉碎Ⅲ']"
284,凤凰兽,,究极体,疫苗,火,3,18,智力,"['伽楼达兽', '人面战鹰兽', '妖精兽']",[],"('等级：50', 'HP：', 'SP：', 'ATK：', 'DEF：', 'INT：130', 'SPD：150', '友情：', '才能：20', '')","('HP：1000', 'SP：110', 'ATK：45', 'INT：130', 'DEF：55', 'SPD：100')","('HP：1780', 'SP：237', 'ATK：123', 'INT：257', 'DEF：143', 'SPD：217')","('不死鸟之羽', '不会陷入即死状态')","[('星光爆破', '对敌方全体发动威力90的光属性魔法攻击。')]","['Lv20.爆裂火焰Ⅲ', 'Lv35.状态屏障', 'Lv50.力量能源Ⅲ', 'Lv65.最终治愈', 'Lv80.安全守护']"
285,圣龙兽,,究极体,疫苗,光,2,20,魔防,"['超比多兽', '天女兽', '花仙兽']",[],"('等级：55', 'HP：900', 'SP：120', 'ATK：', 'DEF：', 'INT：145', 'SPD：', '友情：', '才能：20', '')","('HP：1350', 'SP：110', 'ATK：50', 'INT：120', 'DEF：75', 'SPD：85')","('HP：2420', 'SP：227', 'ATK：128', 'INT：247', 'DEF：173', 'SPD：173')","('妖精的庇佑', '状态提升效果增加5%。')","[('神圣火焰', '对敌方全体发动威力95的光属性魔法攻击。')]","['Lv.闪耀雷射Ⅱ', 'Lv.神圣之光Ⅲ', 'Lv.完美复活', 'Lv.X灵气', 'Lv.闪耀雷射Ⅲ']"
286,科学怪人兽,螺栓兽,究极体,资料,雷,3,18,攻击,"['死神火焰兽', '南瓜兽', '蓝色火焰兽']",[],"('等级：50', 'HP：', 'SP：', 'ATK：145', 'DEF：100', 'INT：', 'SPD：', '友情：', '才能：20', '')","('HP：1000', 'SP：44', 'ATK：135', 'INT：45', 'DEF：105', 'SPD：91')","('HP：2170', 'SP：122', 'ATK：262', 'INT：123', 'DEF：222', 'SPD：189')","('屹立不摇', '不会陷入眩晕状态')","[('斩斧斯坦纳', '对敌方单体发动威力130的无属性物理攻击，并有40%的机率使对方混乱。')]","['Lv.奈米机械破坏Ⅲ', 'Lv.交叉拳', 'Lv.速度填充力场', 'Lv.攻击破坏力场', 'Lv.闪电坠击Ⅲ']"
287,铠甲加鲁鲁兽,盔甲加鲁鲁兽,究极体,自由,光,3,18,速攻,['银狼兽'],"['金刚武神兽', '铠甲加鲁鲁兽分离']","('等级：50', 'HP：', 'SP：', 'ATK：130', 'DEF：', 'INT：', 'SPD：160', '友情：80', '才能：20', '')","('HP：900', 'SP：78', 'ATK：112', 'INT：75', 'DEF：60', 'SPD：125')","('HP：2070', 'SP：166', 'ATK：239', 'INT：153', 'DEF：148', 'SPD：242')","('黑暗为光芒，雷牙成炮弹', '增加 雷·水·光·暗属性技能所给予的伤害8%。')","[('破坏机关枪', '对敌方单体发动火属性威力150的物理攻击。减少自我的DEF 10%。')]","['Lv.神圣钩爪Ⅲ', 'Lv.破坏加农Ⅱ', 'Lv.灵气', 'Lv.顶级锁链', 'Lv.闪电坠击Ⅲ']"
288,铠甲加鲁鲁兽分离,盔甲加鲁鲁兽（分离）,究极体,自由,光,3,18,速度,[],['铠甲加鲁鲁兽'],"('等级：', 'HP：', 'SP：', 'ATK：', 'DEF：', 'INT：', 'SPD：', '友情：', '才能：', '「铠甲加鲁鲁兽」形态切换')","('HP：580', 'SP：85', 'ATK：114', 'INT：70', 'DEF：58', 'SPD：155')","('HP：1460', 'SP：192', 'ATK：212', 'INT：168', 'DEF：156', 'SPD：282')","('黑暗为光芒，雷牙成炮弹', '增加 雷·水·光·暗属性技能所给予的伤害8%。')","[('星光闪速', '对敌方单体发动光属性威力130的物理攻击。能夠提升自我的SPD 10%。')]","['Lv20.神圣钩爪Ⅲ', 'Lv35.破坏加农Ⅱ', 'Lv50.灵气', 'Lv65.顶级锁链', 'Lv80.闪电坠击Ⅲ']"
289,混沌神魔兽,莫斯提兽,究极体,疫苗,无,1,22,双刀,"['天女兽', '女恶魔兽']",[],"('等级：60', 'HP：', 'SP：120', 'ATK：120', 'DEF：', 'INT：120', 'SPD：', '友情：100', '才能：80', '合体进化')","('HP：850', 'SP：95', 'ATK：115', 'INT：115', 'DEF：90', 'SPD：100')","('HP：1830', 'SP：193', 'ATK：232', 'INT：232', 'DEF：178', 'SPD：198')","('异世界的军师', '光、暗属性技能造成的伤害增加10%，HP回复效果增加10%。')","[('混沌降阶', '减少敌方全体25%HP。')]","['Lv.闪耀雷射Ⅲ', 'Lv.地狱粉碎Ⅲ', 'Lv.最终灵气', 'Lv.顶级锁链', 'Lv.安全守护']"
290,海天使兽,,究极体,疫苗,水,3,18,智力,"['祖顿兽', '妖精兽', '巨鲸兽']",[],"('等级：50', 'HP：', 'SP：110', 'ATK：', 'DEF：', 'INT：135', 'SPD：', '友情：50', '才能：20', '')","('HP：800', 'SP：135', 'ATK：25', 'INT：140', 'DEF：45', 'SPD：95')","('HP：1580', 'SP：262', 'ATK：103', 'INT：267', 'DEF：133', 'SPD：212')","('海洋之爱', '每回合回复最大SP的5%。')","[('海洋之爱', '回复全体战斗成員的HP，并解除所有异常状态。')]","['Lv20.发电水流Ⅲ', 'Lv35.大海波浪Ⅱ', 'Lv50.驱散', 'Lv65.最终灵气', 'Lv80.安全守护']"
291,密涅瓦兽,,究极体,病毒,无,3,20,速攻,"['蛋蛋兽', '熊仔兽', '八咫鸦兽', '黑兽人加鲁鲁', '龙王兽']",[],"('等级：55', 'HP：', 'SP：', 'ATK：150', 'DEF：', 'INT：', 'SPD：140', '友情：', '才能：20', '')","('HP：1000', 'SP：70', 'ATK：145', 'INT：80', 'DEF：70', 'SPD：110')","('HP：2170', 'SP：158', 'ATK：272', 'INT：158', 'DEF：158', 'SPD：227')","('第一骑兵', '无属性技能造成的伤害增加15%。')","[('强袭旋斩', '对敌方单体发动威力140的无属性物理攻击，容易产生爆击。')]","['Lv.重度强袭Ⅲ', 'Lv.马赫突击Ⅱ', 'Lv.守备破坏力场', 'Lv.新月之叶Ⅲ', 'Lv.马赫突击Ⅲ']"
292,幻影迦奥迦兽,,,,,,,,[],[],"('等级：', 'HP：', 'SP：', 'ATK：', 'DEF：', 'INT：', 'SPD：', '友情：', '才能：', '')","('HP：', 'SP：', 'ATK：', 'INT：', 'DEF：', 'SPD：')","('HP：', 'SP：', 'ATK：', 'INT：', 'DEF：', 'SPD：')","('', '')","[('', '')]",[]
293,幻影迦奥迦兽BM,,,,,,,,[],[],"('等级：', 'HP：', 'SP：', 'ATK：', 'DEF：', 'INT：', 'SPD：', '友情：', '才能：', '')","('HP：', 'SP：', 'ATK：', 'INT：', 'DEF：', 'SPD：')","('HP：', 'SP：', 'ATK：', 'INT：', 'DEF：', 'SPD：')","('', '')","[('', '')]",[]
294,机械邪龙兽,无限龙兽,究极体,病毒,雷,3,18,防御,"['千兆龙兽', '分子兽', '超蛇龙兽']","['混沌龙兽', '启示录兽']","('等级：50', 'HP：1300', 'SP：', 'ATK：130', 'DEF：130', 'INT：', 'SPD：', '友情：', '才能：20', '')","('HP：750', 'SP：65', 'ATK：120', 'INT：75', 'DEF：120', 'SPD：85')","('HP：1730', 'SP：163', 'ATK：227', 'INT：182', 'DEF：247', 'SPD：163')","('全天运作机器', '不会陷入睡眠状态')","[('无限大炮', '对敌方全体发动威力115的雷属性物理攻击，ACU 80%。')]","['Lv.马赫突击Ⅱ', 'Lv.奈米机械破坏Ⅲ', 'Lv.攻击填充力场', 'Lv.速度破坏力场', 'Lv.闪电坠击Ⅲ']"
295,破灭魔龙兽,灭世龙兽,究极体,病毒,火,2,20,速度,"['千兆龙兽', '地龙兽', '超蛇龙兽', '大古拉兽']",[],"('等级：55', 'HP：1700', 'SP：', 'ATK：180', 'DEF：', 'INT：', 'SPD：', '友情：', '才能：40', '')","('HP：1250', 'SP：67', 'ATK：150', 'INT：60', 'DEF：83', 'SPD：90')","('HP：2130', 'SP：174', 'ATK：248', 'INT：158', 'DEF：181', 'SPD：217')","('数码危机', 'ATK上升10%，且增加火·暗属性技能所给予的伤害10%。')","[('灭世烈焰', '对敌方单体发动火属性威力130的物理攻击。')]","['Lv.流星坠落Ⅱ', 'Lv.云雾汽油弹Ⅲ', 'Lv.破坏加农Ⅱ', 'Lv.遗失锁链', 'Lv.流星坠落Ⅲ']"
296,钢铁悟空兽,金属猿猴兽,究极体,病毒,土,3,18,铁壁,"['陨石兽', '悟空兽', '黑帝鼻涕兽', '火山兽']",[],"('等级：45', 'HP：', 'SP：100', 'ATK：120', 'DEF：140', 'INT：', 'SPD：', '友情：', '才能：20', '')","('HP：1000', 'SP：75', 'ATK：90', 'INT：45', 'DEF：125', 'SPD：85')","('HP：2270', 'SP：182', 'ATK：178', 'INT：133', 'DEF：252', 'SPD：163')","('强化猴子装', '受到的物理伤害减少15%。')","[('蕉皮滑行', '对敌方单体发动威力115的暗属性魔法攻击，并有80%的机率使对方眩晕。')]","['Lv.疾速逃脱', 'Lv.智能破坏力场', 'Lv.地牛翻身Ⅱ', 'Lv.遗失锁链', 'Lv.地牛翻身Ⅲ']"
297,钢铁加鲁鲁兽,,究极体,资料,水,3,18,速度,"['祖顿兽', '麒麟兽', '兽人加鲁鲁']",['奥米加兽'],"('等级：55', 'HP：', 'SP：', 'ATK：130', 'DEF：120', 'INT：', 'SPD：150', '友情：80', '才能：20', '')","('HP：700', 'SP：90', 'ATK：105', 'INT：80', 'DEF：80', 'SPD：115')","('HP：1580', 'SP：197', 'ATK：203', 'INT：178', 'DEF：178', 'SPD：242')","('野性的鼓动', 'SPD提升15%。')","[('优雅十字冻结者', '对敌方全体发动2次威力45的水属性物理攻击。'), ('绝对冷冻气', '对敌方单体发动水属性威力115的魔法攻击。使对方25%机率麻痹。')]","['Lv.寒冰之箭Ⅲ', 'Lv.灵气', 'Lv.速度填充力场', 'Lv.音速空洞Ⅲ', 'Lv.大海波浪Ⅲ']"
298,钢铁加鲁鲁兽（黑）,,究极体,病毒,雷,3,18,防御,"['分子兽', '拉比兽', '兽人加鲁鲁', '黑兽人加鲁鲁']",['黑奥米加兽'],"('等级：55', 'HP：', 'SP：', 'ATK：', 'DEF：135', 'INT：', 'SPD：125', '友情：', '才能：20', '')","('HP：700', 'SP：79', 'ATK：110', 'INT：80', 'DEF：110', 'SPD：91')","('HP：1680', 'SP：177', 'ATK：217', 'INT：187', 'DEF：237', 'SPD：169')","('威吓', '发动攻击时，有10%的机率使对方眩晕。')","[('优雅十字冻结者', '对敌方全体发动2次威力45的水属性物理攻击。'), ('加鲁鲁战斧', '对敌方单体发动威力140的无属性物理攻击，必定命中。')]","['Lv.闪电坠击Ⅱ', 'Lv.寒冰之箭Ⅲ', 'Lv.天国闪电Ⅲ', 'Lv.速度破坏力场', 'Lv.闪电坠击Ⅲ']"
299,钢铁海龙兽,,究极体,资料,水,3,18,魔防,"['千兆龙兽', '巨鲸兽', '超海龙兽']",['启示录兽'],"('等级：50', 'HP：', 'SP：120', 'ATK：', 'DEF：120', 'INT：120', 'SPD：', '友情：', '才能：20', '')","('HP：900', 'SP：90', 'ATK：60', 'INT：105', 'DEF：90', 'SPD：85')","('HP：1970', 'SP：207', 'ATK：138', 'INT：232', 'DEF：188', 'SPD：173')","('不可思议的鳞片', '无效基本状态下降效果。')","[('究极波浪炮', '对敌方单体发动威力130的水属性魔法攻击。')]","['Lv.发电水流Ⅲ', 'Lv.大海波浪Ⅱ', 'Lv.攻击破坏力场', 'Lv.天国闪电Ⅲ', 'Lv.大海波浪Ⅲ']"
300,墨丘利兽,,究极体,病毒,风,2,20,防御,"['音速迦奥迦兽', '黑兽人加鲁鲁']",[],"('等级：55', 'HP：', 'SP：', 'ATK：130', 'DEF：', 'INT：110', 'SPD：160', '友情：', '才能：20', '')","('HP：830', 'SP：66', 'ATK：125', 'INT：88', 'DEF：75', 'SPD：138')","('HP：1810', 'SP：164', 'ATK：232', 'INT：195', 'DEF：202', 'SPD：216')","('野性的鼓动', 'SPD提升15%。')","[('千打重击', '对敌方单体发动风属性威力15的物理攻击8次。容易产生CRT。')]","['Lv.地牛翻身Ⅱ', 'Lv.烈风利爪Ⅲ', 'Lv.复活', 'Lv.音速空洞Ⅲ', 'Lv.狂风暴雨Ⅲ']"
301,终极巨龙兽,,究极体,病毒,雷,3,18,攻击,"['大古拉兽', '机械暴龙兽', '钢铁巨龙兽']",[],"('等级：55', 'HP：1300', 'SP：', 'ATK：180', 'DEF：150', 'INT：', 'SPD：', '友情：', '才能：20', '')","('HP：1100', 'SP：44', 'ATK：155', 'INT：35', 'DEF：105', 'SPD：91')","('HP：2270', 'SP：122', 'ATK：282', 'INT：113', 'DEF：222', 'SPD：189')","('威吓', '发动攻击时，有10%的机率使对方眩晕。')","[('惊骇电磁炮', '对敌方单体发动威力125的雷属性物理攻击，并有50%的机率使对方麻痹。')]","['Lv.马赫突击Ⅱ', 'Lv.奈米机械破坏Ⅲ', 'Lv.守备破坏力场', 'Lv.速度破坏力场', 'Lv.闪电坠击Ⅲ']"
302,利维坦兽,利维亚兽,究极体,病毒,水,1,22,HP,"['达高兽', '怪蛙皇', '超海龙兽']",[],"('等级：60', 'HP：2000', 'SP：140', 'ATK：140', 'DEF：140', 'INT：140', 'SPD：', '友情：', '才能：80', '')","('HP：1100', 'SP：76', 'ATK：115', 'INT：95', 'DEF：105', 'SPD：89')","('HP：2370', 'SP：164', 'ATK：222', 'INT：193', 'DEF：212', 'SPD：177')","('嫉妒', '对手为究极体以上时，给予的伤害增加15%。')","[('魔颚', '对敌方单体发动威力145的水属性物理攻击，并有15%的机率使对方立即死亡。')]","['Lv.寒冰之箭Ⅲ', 'Lv.雄伟巨石Ⅲ', 'Lv.守备破坏力场', 'Lv.力量能源Ⅲ', 'Lv.大海波浪Ⅲ']"
303,莉莉丝兽,,究极体,病毒,暗,2,22,智力,"['丁香兽', '女恶魔兽']",[],"('等级：60', 'HP：', 'SP：200', 'ATK：', 'DEF：', 'INT：250', 'SPD：130', '友情：', '才能：80', '')","('HP：550', 'SP：140', 'ATK：60', 'INT：160', 'DEF：60', 'SPD：115')","('HP：1330', 'SP：267', 'ATK：138', 'INT：287', 'DEF：148', 'SPD：232')","('色欲', '受到物理攻击时，伤害减少10%并轉換为SP。')","[('幻影苦痛', '对敌方单体发动暗属性特大威力的INT贯穿攻击，并有35%的机率使对方中毒。')]","['Lv.地狱粉碎Ⅱ', 'Lv.精神耗竭', 'Lv.梦魇Ⅲ', 'Lv.攻击破坏力场', 'Lv.地狱粉碎Ⅲ']"
304,鸦神兽,渡鸦兽,究极体,疫苗,风,3,18,速度,"['飞行V龙兽', '伽楼达兽', '八咫鸦兽']",['鸦神兽BM'],"('等级：55', 'HP：', 'SP：', 'ATK：130', 'DEF：', 'INT：', 'SPD：160', '友情：', '才能：20', '')","('HP：600', 'SP：90', 'ATK：90', 'INT：90', 'DEF：70', 'SPD：140')","('HP：1480', 'SP：197', 'ATK：188', 'INT：188', 'DEF：168', 'SPD：267')","('风之守卫', '风属性技能造成的伤害增加15%。')","[('天之尾羽张', '对敌方全体发动威力90的雷属性魔法攻击。')]","['Lv.音速空洞Ⅲ', 'Lv.灵气', 'Lv.狂风暴雨Ⅱ', 'Lv.速度填充力场', 'Lv.狂风暴雨Ⅲ']"
305,鸦神兽BM,渡鸦兽BM,究极体,疫苗,风,2,20,速度,['鸦神兽'],[],"('等级：60', 'HP：', 'SP：160', 'ATK：', 'DEF：', 'INT：', 'SPD：250', '友情：100', '才能：30', '')","('HP：600', 'SP：80', 'ATK：100', 'INT：95', 'DEF：90', 'SPD：150')","('HP：1480', 'SP：187', 'ATK：198', 'INT：193', 'DEF：188', 'SPD：277')","('无双天翔翼之阵', '雷·风属性所给予的伤害增加10%。')","[('怒涛暗供丧之舞', '给予敌单体8次威力20的暗属性物理攻击。伤害值易产生浮动。')]","['Lv.结构痛击', 'Lv.速度破坏力场', 'Lv.角色倒置', 'Lv.状态屏障', 'Lv.辅助终结']"
306,剑皇兽,领主骑士兽,究极体,病毒,暗,2,22,速度,"['骑士兽', '神圣天使兽']",[],"('等级：60', 'HP：', 'SP：', 'ATK：120', 'DEF：', 'INT：135', 'SPD：150', '友情：50', '才能：80', '')","('HP：800', 'SP：100', 'ATK：95', 'INT：95', 'DEF：90', 'SPD：130')","('HP：1680', 'SP：207', 'ATK：193', 'INT：193', 'DEF：188', 'SPD：257')","('冷酷无情', '给予有利属性的伤害增加15%。')","[('螺旋假面舞蹈会', '对敌方单体发动4次威力30的暗属性物理攻击，并有30%的机率使自己的SPD提升20%。'), ('银色恐惧', '对敌方单体发动火属性超高威力的DEF贯穿攻击，并有30%的机率使对方眩晕。')]","['Lv.破坏加农Ⅲ', 'Lv.地狱粉碎Ⅱ', 'Lv.速度破坏力场', 'Lv.盖亚元素Ⅲ', 'Lv.地狱粉碎Ⅲ']"
307,蔷薇兽,,究极体,资料,木,3,18,万能,"['南瓜兽', '丁香兽', '花仙兽']",['蔷薇兽BM'],"('等级：55', 'HP：', 'SP：120', 'ATK：', 'DEF：', 'INT：120', 'SPD：', '友情：', '才能：20', '')","('HP：800', 'SP：94', 'ATK：95', 'INT：100', 'DEF：80', 'SPD：91')","('HP：1870', 'SP：201', 'ATK：193', 'INT：198', 'DEF：178', 'SPD：198')","('剧毒的荆棘', '发动攻击时，有10%的机率使对方中毒。')","[('荆棘之鞭', '对敌方单体发动威力120的木属性物理攻击，吸收50%HP，并有30%的机率使对方麻痹。')]","['Lv.符文之森Ⅱ', 'Lv.盖亚元素Ⅲ', 'Lv.最终灵气', 'Lv.智能填充力场', 'Lv.符文之森Ⅲ']"
308,蔷薇兽BM,,究极体,资料,木,3,20,万能,['蔷薇兽'],[],"('等级：60', 'HP：', 'SP：170', 'ATK：', 'DEF：', 'INT：180', 'SPD：', '友情：100', '才能：30', '')","('HP：950', 'SP：90', 'ATK：100', 'INT：110', 'DEF：90', 'SPD：90')","('HP：2020', 'SP：197', 'ATK：198', 'INT：208', 'DEF：188', 'SPD：197')","('生命之树', '每回合回复HP最大值的5%，因HP吸收效果，回复量增加20%。')","[('诱惑之唇', '对敌方单体发动光属性高威力的INT贯穿攻击，并吸收HP50%。')]","['Lv.最终治愈', 'Lv.智能破坏力场', 'Lv.复活', 'Lv.安全守护', 'Lv.完美复活']"
309,莲花兽,,究极体,资料,木,3,18,智力,"['丁香兽', '花仙兽', '女恶魔兽']",[],"('等级：55', 'HP：', 'SP：', 'ATK：', 'DEF：', 'INT：170', 'SPD：130', '友情：', '才能：20', '')","('HP：550', 'SP：125', 'ATK：35', 'INT：150', 'DEF：65', 'SPD：110')","('HP：1330', 'SP：252', 'ATK：113', 'INT：277', 'DEF：153', 'SPD：227')","('花朵守卫', '不会陷入剧毒状态')","[('七重幻想曲', '对敌方全体发动威力75的光属性魔法攻击，并有20%的机率使对方混乱。')]","['Lv.符文之森Ⅱ', 'Lv.盖亚元素Ⅲ', 'Lv.X灵气', 'Lv.辅助终结', 'Lv.符文之森Ⅲ']"
310,灭世魔兽,,超究极体,自由,暗,1,25,攻击,['超恶魔兽'],[],"('等级：70', 'HP：2000', 'SP：140', 'ATK：290', 'DEF：', 'INT：', 'SPD：', '友情：', '才能：100', '')","('HP：1180', 'SP：75', 'ATK：192', 'INT：45', 'DEF：75', 'SPD：115')","('HP：2350', 'SP：153', 'ATK：319', 'INT：123', 'DEF：192', 'SPD：213')","('逆袭', '对皇家騎士的损伤增加50%')","[('终极爆炎炮', '对敌方单体发动火属性威力90的物理攻击3次。使用后将因反作用力一回合无法行动。'), ('黑雨', '对敌方全体发动暗属性威力110的物理攻击。使对方20%机率产生混乱。')]","['Lv.地狱粉碎Ⅲ', 'Lv.剧毒陷阱', 'Lv.马赫突击Ⅲ', 'Lv.云雾汽油弹Ⅲ', 'Lv.智能破坏力场']"
311,阿卡迪兽超究极体,,超究极体,病毒,暗,2,25,万能,['阿卡迪兽究极体'],[],"('等级：70', 'HP：', 'SP：150', 'ATK：250', 'DEF：', 'INT：150', 'SPD：160', '友情：', '才能：60', '骇客追忆通关')","('HP：980', 'SP：105', 'ATK：155', 'INT：85', 'DEF：60', 'SPD：117')","('HP：2050', 'SP：212', 'ATK：253', 'INT：183', 'DEF：158', 'SPD：224')","('理想乡', '降低受到即死效果的机率50%，提升CRT发生率10%。')","[('神之矩阵', '对敌方全体发动无属性高威力的DEF贯穿攻击，吸取10%的HP。')]","['Lv20.重度强袭Ⅲ', 'Lv35.角色倒置', 'Lv50.智能破坏力场', 'Lv65.守备破坏力场', 'Lv80.地狱粉碎Ⅲ']"
312,阿尔法兽 王龙剑,阿尔法兽：王龙剑,超究极体,疫苗,无,1,25,万能,"['阿尔法兽', '王龙兽']",[],"('等级：60', 'HP：', 'SP：', 'ATK：180', 'DEF：170', 'INT：150', 'SPD：', '友情：100', '才能：80', '合体进化')","('HP：1000', 'SP：80', 'ATK：130', 'INT：110', 'DEF：100', 'SPD：100')","('HP：2070', 'SP：187', 'ATK：228', 'INT：208', 'DEF：198', 'SPD：207')","('爆裂进化', '增加所给予的伤害10%。')","[('究极战刃王龙剑', '对敌方单体发动无属性特高威力的DEF贯穿攻击。')]","['Lv.重度强袭Ⅲ', 'Lv.最终灵气', 'Lv.顶级锁链', 'Lv.神圣钩爪Ⅲ', 'Lv.破坏加农Ⅲ']"
313,帝皇龙甲兽PM,,超究极体,疫苗,光,2,25,万能,['帝皇龙甲兽DM'],[],"('等级：70', 'HP：', 'SP：', 'ATK：160', 'DEF：160', 'INT：160', 'SPD：160', '友情：', '才能：100', '')","('HP：1000', 'SP：105', 'ATK：105', 'INT：105', 'DEF：105', 'SPD：100')","('HP：2070', 'SP：212', 'ATK：203', 'INT：203', 'DEF：203', 'SPD：207')","('救世的护法', '受到不利种族的伤害减少15%。')","[('奥米加之剑', '对敌方单体发动威力150的光属性物理攻击，并有30%的机率使对方液晶化。')]","['Lv.神圣之光Ⅲ', 'Lv.智能填充力场', 'Lv.神圣钩爪Ⅲ', 'Lv.回复', 'Lv.完美复活']"
314,艾克萨兽,艾可萨兽,超究极体,资料,风,2,25,万能,"['斩龙兽', '破坏龙兽']",[],"('等级：60', 'HP：1650', 'SP：', 'ATK：150', 'DEF：', 'INT：', 'SPD：150', '友情：100', '才能：100', '合体进化')","('HP：1200', 'SP：95', 'ATK：130', 'INT：85', 'DEF：90', 'SPD：105')","('HP：2270', 'SP：202', 'ATK：228', 'INT：183', 'DEF：188', 'SPD：212')","('卡里德福洛斯', 'ACU和EVA提升5%，CRT提升10%。')","[('大龙头之光荣', '对敌方单体发动威力145的雷属性物理攻击。'), ('龙魂衝击', '对敌方全体发动威力100的火属性物理攻击，并产生击退效果。')]","['Lv.烈风利爪Ⅲ', 'Lv.狂风暴雨Ⅱ', 'Lv.流星坠落Ⅱ', 'Lv.攻击破坏力场', 'Lv.狂风暴雨Ⅲ']"
315,奥米加兽,,超究极体,疫苗,光,2,25,攻击,"['战斗暴龙兽', '钢铁加鲁鲁兽']",[],"('等级：60', 'HP：', 'SP：', 'ATK：200', 'DEF：', 'INT：150', 'SPD：150', '友情：100', '才能：40', '合体进化')","('HP：1100', 'SP：65', 'ATK：145', 'INT：95', 'DEF：110', 'SPD：95')","('HP：2270', 'SP：143', 'ATK：272', 'INT：173', 'DEF：227', 'SPD：193')","('圣骑士', 'SPD增加10%，火、光属性技能造成的伤害增加10%。')","[('暴龙飓风剑', '对敌方全体发动威力115的火属性物理攻击。'), ('加鲁鲁加农炮', '对敌方单体发动水属性高威力的INT贯穿攻击。')]","['Lv.神圣钩爪Ⅲ', 'Lv.交叉拳', 'Lv.攻击填充力场', 'Lv.顶级锁链', 'Lv.神圣之光Ⅲ']"
316,黑奥米加兽,奥米加兽 兹瓦特,超究极体,疫苗,暗,2,25,防御,"['黑暗战斗暴龙兽', '钢铁加鲁鲁兽（黑）']",[],"('等级：60', 'HP：1500', 'SP：', 'ATK：150', 'DEF：200', 'INT：', 'SPD：', '友情：100', '才能：40', '合体进化')","('HP：1000', 'SP：90', 'ATK：100', 'INT：105', 'DEF：130', 'SPD：95')","('HP：1980', 'SP：188', 'ATK：207', 'INT：212', 'DEF：257', 'SPD：173')","('漆黑的骑士', 'DEF提升10%，水、暗属性技能造成的伤害增加10%。')","[('暴龙飓风剑', '对敌方全体发动威力115的火属性物理攻击。'), ('加鲁鲁加农炮', '对敌方单体发动水属性高威力的INT贯穿攻击。')]","['Lv.破坏加农Ⅲ', 'Lv.反射镜', 'Lv.加速增幅器', 'Lv.遗失锁链', 'Lv.地狱粉碎Ⅲ']"
317,混沌兽,,超究极体,疫苗,无,3,25,速攻,"['暗龙兽', '番长狮子兽']",[],"('等级：60', 'HP：', 'SP：', 'ATK：255', 'DEF：', 'INT：', 'SPD：', '友情：100', '才能：40', '合体进化')","('HP：500', 'SP：85', 'ATK：255', 'INT：50', 'DEF：50', 'SPD：130')","('HP：1670', 'SP：173', 'ATK：382', 'INT：128', 'DEF：138', 'SPD：247')","('不稳定特异', '给予的伤害增加30%，但受到的伤害也会增加30%。')","[('霸王两断剑', '给予敌单体威力150的无属性物理攻击。伤害值易产生浮动。'), ('黑暗阳焰', '对敌方单体发动暗属性特高威力的INT贯穿攻击。对手将有50%的机率液晶化。')]","['Lv.安全守护', 'Lv.死亡召唤', 'Lv.破坏加农Ⅲ', 'Lv.神圣钩爪Ⅲ', 'Lv.角色倒置']"
318,混沌兽VA,混沌兽：瓦尔德臂,超究极体,疫苗,光,3,25,速度,"['瓦尔德兽', '番长狮子兽']",[],"('等级：60', 'HP：', 'SP：', 'ATK：155', 'DEF：', 'INT：100', 'SPD：', '友情：100', '才能：40', '合体进化')","('HP：350', 'SP：85', 'ATK：205', 'INT：155', 'DEF：35', 'SPD：105')","('HP：1230', 'SP：192', 'ATK：303', 'INT：253', 'DEF：133', 'SPD：232')","('不稳定特异', '给予的伤害增加30%，但受到的伤害也会增加30%。')","[('霸王两断剑', '给予敌单体威力150的无属性物理攻击。伤害值易产生浮动。'), ('极光冲弹', '对敌方单体发动光属性威力120的魔法攻击。解除对方提升的基本状态。')]","['Lv.安全守护', 'Lv.辅助终结', 'Lv.神圣之光Ⅲ', 'Lv.神圣钩爪Ⅲ', 'Lv.角色倒置']"
319,金刚武神兽,须佐之男兽,超究极体,疫苗,光,1,25,攻击,"['凯撒暴龙兽', '铠甲加鲁鲁兽']",[],"('等级：60', 'HP：1000', 'SP：', 'ATK：150', 'DEF：', 'INT：150', 'SPD：', '友情：100', '才能：100', '合体进化')","('HP：1050', 'SP：90', 'ATK：120', 'INT：110', 'DEF：100', 'SPD：100')","('HP：2220', 'SP：168', 'ATK：247', 'INT：188', 'DEF：217', 'SPD：198')","('武神', 'ATK与INT上升10%，增加光属性技能所给予的伤害10%。')","[('天羽羽斩', '对敌方全体发动光属性威力110的物理攻击。必定命中。'), ('八雷神', '对敌方单体发动雷属性威力20的魔法攻击8次。使对方30%机率麻痹。')]","['Lv.神圣钩爪Ⅲ', 'Lv.闪耀雷射Ⅲ', 'Lv.驱散', 'Lv.顶级锁链', 'Lv.完美复活']"
320,红莲骑士兽CM,公爵兽CM,超究极体,病毒,光,2,25,速攻,['红莲骑士兽'],[],"('等级：80', 'HP：', 'SP：', 'ATK：185', 'DEF：185', 'INT：185', 'SPD：', '友情：100', '才能：80', '')","('HP：900', 'SP：95', 'ATK：140', 'INT：100', 'DEF：80', 'SPD：115')","('HP：2070', 'SP：183', 'ATK：267', 'INT：178', 'DEF：168', 'SPD：232')","('真紅莲形态', 'ATK·DEF·INT·SPD上升10%。')","[('Quo Vadis君往何处', '对敌方单体发动光属性高威力的DEF贯穿攻击。必定命中。10%机率使对方立即死亡。')]","['Lv.闪耀雷射Ⅲ', 'Lv.马赫突击Ⅲ', 'Lv.驱散', 'Lv.回复', 'Lv.最终治愈']"
321,贝尔菲兽RM,,超究极体,病毒,暗,2,25,攻击,[],['贝尔菲兽SM'],"('等级：', 'HP：', 'SP：', 'ATK：', 'DEF：', 'INT：', 'SPD：', '友情：', '才能：', '「贝尔菲兽SM」形态切换')","('HP：1200', 'SP：45', 'ATK：184', 'INT：70', 'DEF：110', 'SPD：91')","('HP：2370', 'SP：123', 'ATK：311', 'INT：148', 'DEF：227', 'SPD：189')","('愤怒的咆哮', '发动攻击时，对方若为完全体以下，有30%的机率使对方立即死亡。')","[('暗黑天赋', '对敌方单体发动暗属性超高威力的DEF贯穿攻击。')]","['Lv20.破坏加农Ⅲ', 'Lv35.负极锁链', 'Lv50.雄伟巨石Ⅲ', 'Lv65.智能破坏力场', 'Lv80.地狱粉碎Ⅲ']"
322,光明兽SM,,超究极体,病毒,暗,2,25,智力,['光明兽FM'],[],"('等级：70', 'HP：1400', 'SP：160', 'ATK：130', 'DEF：', 'INT：250', 'SPD：170', '友情：', '才能：100', '')","('HP：1100', 'SP：110', 'ATK：50', 'INT：170', 'DEF：80', 'SPD：100')","('HP：1880', 'SP：237', 'ATK：128', 'INT：297', 'DEF：168', 'SPD：217')","('矶汉那', '受到魔法攻击时，伤害减少10%并轉化为HP。')","[('神之赎罪', '对敌方全体发动威力200的光属性魔法攻击，降低自己的INT50%，ACU90%。')]","['Lv.梦魇Ⅲ', 'Lv.智能破坏力场', 'Lv.马赫突击Ⅲ', 'Lv.地狱粉碎Ⅲ', 'Lv.辅助终结']"
323,烈焰兽,烈焰龙兽,,,,,,,[],[],"('等级：', 'HP：', 'SP：', 'ATK：', 'DEF：', 'INT：', 'SPD：', '友情：', '才能：', '')","('HP：', 'SP：', 'ATK：', 'INT：', 'DEF：', 'SPD：')","('HP：', 'SP：', 'ATK：', 'INT：', 'DEF：', 'SPD：')","('', '')","[('', '')]",[]
324,金甲龙兽,,装甲体,自由,土,2,22,防御,"['V仔兽', '守卫兽（金）']",[],"('等级：60', 'HP：', 'SP：', 'ATK：120', 'DEF：145', 'INT：', 'SPD：', '友情：50', '才能：80', '奇迹装甲拥有')","('HP：750', 'SP：75', 'ATK：115', 'INT：95', 'DEF：145', 'SPD：85')","('HP：1730', 'SP：173', 'ATK：222', 'INT：202', 'DEF：272', 'SPD：163')","('奇迹', '有10%的机率使受到的伤害减少75%。')","[('闪金太阳风暴', '对敌方全体发动威力75的光属性魔法攻击，并使自己的DEF提升15%。'), ('等离子射击', '对敌方全体发动3次威力35的火属性物理攻击。')]","['Lv20.地牛翻身Ⅱ', 'Lv35.复活', 'Lv50.彗星重锤Ⅲ', 'Lv65.守备填充力场', 'Lv80.地牛翻身Ⅲ']"
325,拉比兽（盔甲）,拉比兽（装甲体）,装甲体,疫苗,光,3,18,防御,"['大耳兽', '守卫兽（金）']",[],"('等级：50', 'HP：', 'SP：', 'ATK：100', 'DEF：120', 'INT：120', 'SPD：', '友情：50', '才能：40', '命运装甲拥有')","('HP：650', 'SP：65', 'ATK：105', 'INT：105', 'DEF：115', 'SPD：85')","('HP：1630', 'SP：163', 'ATK：212', 'INT：212', 'DEF：242', 'SPD：163')","('命运', '每回合回复最大HP和最大SP的3%。')","[('黄金三角', '对敌方单体发动威力110的光属性魔法攻击，并有20%的机率使自己的基礎状态提升10%。')]","['Lv20.神圣钩爪Ⅲ', 'Lv35.闪耀雷射Ⅱ', 'Lv50.驱散', 'Lv65.速度填充力场', 'Lv80.闪耀雷射Ⅲ']"
326,高吼兽,,无,自由,火,1,5,攻击,['滚球兽'],['奥米加咆哮兽'],"('等级：8', 'HP：', 'SP：', 'ATK：30', 'DEF：', 'INT：', 'SPD：20', '友情：10', '才能：', '')","('HP：450', 'SP：23', 'ATK：65', 'INT：16', 'DEF：43', 'SPD：38')","('HP：1620', 'SP：101', 'ATK：192', 'INT：94', 'DEF：160', 'SPD：136')","('十字利心', '提高ATK及连击发生·接續的机率8%。')","[('热情摇滚魂', '对敌方单体发动火属性威力70的物理攻击。')]","['Lv6.重度强袭Ⅰ', 'Lv12.晕眩冲击']"
327,奥米加咆哮兽,奥米加高吼兽,无,自由,火,2,20,万能,['高吼兽'],[],"('等级：60', 'HP：', 'SP：', 'ATK：130', 'DEF：130', 'INT：', 'SPD：120', '友情：', '才能：80', '')","('HP：980', 'SP：88', 'ATK：117', 'INT：65', 'DEF：95', 'SPD：112')","('HP：2050', 'SP：195', 'ATK：215', 'INT：163', 'DEF：193', 'SPD：219')","('十字利心', '提高ATK及连击发生·接续的机率8%。')","[('嗨爆摇滚魂', '对敌方单体发动火属性威力65的物理攻击2次。'), ('重金属火神炮', '对敌方全体发动火属性威力100的物理攻击。')]","['Lv20.加速增幅器', 'Lv35.交叉拳', 'Lv50.速度填充力场', 'Lv65.流星坠落Ⅲ', 'Lv80.马赫突击Ⅲ']"
328,龙蛇兽,,成长期,疫苗,无,1,5,速攻,['汪喵兽'],"['银龙兽', '猛禽龙兽', '镰鼬兽']","('等级：8', 'HP：', 'SP：', 'ATK：30', 'DEF：30', 'INT：', 'SPD：', '友情：', '才能：', '')","('HP：210', 'SP：29', 'ATK：60', 'INT：18', 'DEF：53', 'SPD：44')","('HP：1380', 'SP：117', 'ATK：187', 'INT：96', 'DEF：141', 'SPD：161')","('武士风范', '增加10%的攻击力和暴击率')","[('居合刃', '对敌方单体发动无属性中威力的DEF贯穿攻击')]","['Lv.重度强袭Ⅰ', 'Lv.爆击填充']"
329,银龙兽,,成熟期,疫苗,无,1,8,速攻,"['兹巴兽', '天龙兽', '龙蛇兽']","['炮蜂兽', '超海龙兽', '龙王兽']","('等级：14', 'HP：', 'SP：', 'ATK：40', 'DEF：40', 'INT：', 'SPD：', '友情：', '才能：', '')","('HP：390', 'SP：42', 'ATK：72', 'INT：32', 'DEF：70', 'SPD：60')","('HP：1560', 'SP：130', 'ATK：199', 'INT：110', 'DEF：158', 'SPD：177')","('武士风范', '增加10%的攻击力和暴击率')","[('彻甲刃', '对敌方单体发动无属性中威力的DEF贯穿攻击，容易产生暴击')]","['Lv.重度强袭Ⅱ', 'Lv.攻击填充', 'Lv.速度填充']"
330,龙王兽,飞车龙兽,完全体,疫苗,无,1,14,速攻,"['海龙兽', '希拉兽', '银龙兽']","['凯王兽', '神龙兽', '密涅瓦兽', '王龙兽']","('等级：30', 'HP：400', 'SP：', 'ATK：95', 'DEF：75', 'INT：', 'SPD：', '友情：', '才能：', '')","('HP：620', 'SP：45', 'ATK：120', 'INT：35', 'DEF：113', 'SPD：65')","('HP：1790', 'SP：133', 'ATK：247', 'INT：113', 'DEF：201', 'SPD：182')","('武士风范', '增加10%的攻击力和暴击率')","[('成龙刃', '对敌方单体发动地属性高威力物理贯穿攻击')]","['Lv.闪电坠击Ⅰ', 'Lv.速度破坏', 'Lv.奈米机械破坏Ⅱ', 'Lv.爆击填充']"
331,王龙兽,,究极体,疫苗,无,2,20,速攻,"['黄金剑士兽', '八咫鸦兽', '龙王兽']",['阿尔法兽 王龙剑'],"('等级：50', 'HP：1300', 'SP：', 'ATK：180', 'DEF：', 'INT：', 'SPD：', '友情：', '才能：20', '')","('HP：770', 'SP：60', 'ATK：158', 'INT：45', 'DEF：135', 'SPD：100')","('HP：1940', 'SP：148', 'ATK：285', 'INT：123', 'DEF：223', 'SPD：217')","('武士风范', '增加10%的攻击力和暴击率')","[('永世龙王刃', '对敌方单体发动雷属性高威力物理贯穿攻击，容易产生暴击')]","['Lv.烈风利爪Ⅲ', 'Lv.加速增幅器', 'Lv.奈米机械破坏Ⅲ', 'Lv.攻击填充力场', 'Lv.马赫突击Ⅲ']"
332,启示录兽,,超究极体,自由,无,1,25,智力,"['小丑皇', '木偶兽', '机械邪龙兽', '钢铁海龙兽']",[],"('等级：99', 'HP：', 'SP：', 'ATK：', 'DEF：', 'INT：', 'SPD：', '友情：', '才能：120', '')","('HP：1500', 'SP：110', 'ATK：50', 'INT：120', 'DEF：60', 'SPD：130')","('HP：2280', 'SP：237', 'ATK：128', 'INT：247', 'DEF：148', 'SPD：247')","('启示录', '无属性造成的伤害增加20%，其他属性造成的伤害减少10%')","[('黑暗领域', '对敌方全体造成444点固定伤害')]","['Lv20.死亡召唤', 'Lv35.物理耗竭', 'Lv50.精神耗竭', 'Lv65.梦魇Ⅲ', 'Lv80.马赫突击Ⅲ']"
333,修女兽雪白,,成长期,疫苗,光,1,4,魔防,['迪哥兽'],"['加鲁哥兽', '雷克斯兽', '修女兽天蓝', '修女兽B（觉醒）']","('等级：7', 'HP：', 'SP：20', 'ATK：', 'DEF：', 'INT：30', 'SPD：', '友情：50', '才能：', '')","('HP：350', 'SP：47', 'ATK：14', 'INT：53', 'DEF：23', 'SPD：38')","('HP：1420', 'SP：164', 'ATK：92', 'INT：180', 'DEF：121', 'SPD：126')","('监察官', '增加在战斗中所得到的EXP，受到的伤害减少5%。')","[('神裁穿刺', '对敌方单体发动光属性威力65的魔法攻击。使我方全体无法被加予异常状态。')]","['Lv.治愈', 'Lv.神圣之光Ⅰ']"
334,修女兽B（觉醒）,,成长期,疫苗,光,2,18,智力,['修女兽雪白'],[],"('等级：60', 'HP：1150', 'SP：130', 'ATK：', 'DEF：', 'INT：150', 'SPD：', '友情：', '才能：50', '')","('HP：920', 'SP：112', 'ATK：33', 'INT：128', 'DEF：68', 'SPD：107')","('HP：1700', 'SP：239', 'ATK：111', 'INT：255', 'DEF：156', 'SPD：224')","('神圣烙印', '受到的伤害减少10%。')","[('神裁穿刺觉醒', '对敌方单体发动光属性威力90的魔法攻击。使我方全体在下一回合前所接受的伤害无效化。无法被加予异常状态影響。')]","['Lv25.神圣之光Ⅲ', 'Lv40.复活', 'Lv55.闪耀雷射Ⅲ', 'Lv70.安全守护', 'Lv90.完美复活']"
335,修女兽天蓝,,成熟期,病毒,光,2,6,速度,"['德古兽', '露娜兽', '修女兽雪白']","['熊猫兽', '女恶魔兽', '修女兽C（觉醒）']","('等级：14', 'HP：', 'SP：40', 'ATK：', 'DEF：', 'INT：', 'SPD：50', '友情：10', '才能：', '')","('HP：400', 'SP：58', 'ATK：47', 'INT：46', 'DEF：38', 'SPD：76')","('HP：1280', 'SP：165', 'ATK：145', 'INT：144', 'DEF：136', 'SPD：203')","('监察官', '增加在战斗中所得到的EXP，受到的伤害减少5%。')","[('米奇强击', '对敌方全体发动暗属性威力15的物理攻击2~4次。'), ('神佑火枪', '对敌方单体发动光属性威力40的物理攻击2次。容易产生CRT。')]","['Lv.破坏加农Ⅰ', 'Lv.地狱粉碎Ⅰ']"
336,修女兽C（觉醒）,,成熟期,病毒,光,2,18,速攻,['修女兽天蓝'],[],"('等级：60', 'HP：1150', 'SP：', 'ATK：130', 'DEF：', 'INT：', 'SPD：150', '友情：', '才能：50', '')","('HP：970', 'SP：70', 'ATK：125', 'INT：75', 'DEF：58', 'SPD：115')","('HP：2140', 'SP：158', 'ATK：252', 'INT：153', 'DEF：146', 'SPD：232')","('神圣烙印', '受到的伤害减少10%。')","[('米奇强击觉醒', '对敌方全体发动暗属性威力30的物理攻击2~4次。容易产生爆击。'), ('神祐火枪觉醒', '对敌方单体发动光属性威力60的物理攻击2次。')]","['Lv.攻击填充力场', 'Lv.破坏加农Ⅲ', 'Lv.加速增幅器', 'Lv.辅助终结', 'Lv.最终灵气']"
337,阿尔法兽NX,,究极体,疫苗,无,1,6,防御,[],[],"('等级：', 'HP：', 'SP：', 'ATK：', 'DEF：', 'INT：', 'SPD：', '友情：', '才能：', '')","('HP：300', 'SP：36', 'ATK：38', 'INT：38', 'DEF：43', 'SPD：45')","('HP：1670', 'SP：173', 'ATK：180', 'INT：180', 'DEF：185', 'SPD：187')","('NXEDGE STYLE', '技能消费SP减少15%。')","[('圣剑开端之刃', '对敌方单体发动威力150的光属性物理攻击。'), ('数码之魂', '对敌方全体发动威力95的无属性魔法攻击，并有5%的机率使对方立即死亡。')]","['Lv25.角色倒置', 'Lv40.守备破坏力场', 'Lv55.攻击破坏力场', 'Lv70.闪耀雷射Ⅲ', 'Lv90.顶级锁链']"
338,剑皇兽NX,领主骑士兽NX,究极体,病毒,暗,1,6,速度,[],[],"('等级：', 'HP：', 'SP：', 'ATK：', 'DEF：', 'INT：', 'SPD：', '友情：', '才能：', '')","('HP：350', 'SP：32', 'ATK：47', 'INT：38', 'DEF：28', 'SPD：50')","('HP：1720', 'SP：169', 'ATK：189', 'INT：180', 'DEF：170', 'SPD：192')","('NXEDGE STYLE', '增加造成损伤5%，减少受到损伤5%。')","[('螺旋华舞', '对敌方单体发动4次威力30的暗属性物理攻击，并有30%的机率使自己的SPD提升20%。'), ('急迫恐惧', '对敌方单体发动火属性超高威力的DEF贯穿攻击，并有30%的机率使对方眩晕。')]","['Lv25.加速增幅器', 'Lv40.流星坠落Ⅲ', 'Lv55.地牛翻身Ⅲ', 'Lv70.闪电坠击Ⅲ', 'Lv90.马赫突击Ⅲ']"
339,芳香兽NX,,究极体,资料,光,1,6,智力,[],[],"('等级：', 'HP：', 'SP：', 'ATK：', 'DEF：', 'INT：', 'SPD：', '友情：', '才能：', '')","('HP：280', 'SP：41', 'ATK：41', 'INT：45', 'DEF：20', 'SPD：55')","('HP：1650', 'SP：178', 'ATK：183', 'INT：187', 'DEF：162', 'SPD：197')","('NXEDGE STYLE', '增加战斗时能得到的YEN，在能逃走的战斗，一定能成功逃走。')","[('灭绝', '对敌方全体发动威力80的光属性魔法攻击，必定命中。'), ('炽烈回马枪', '对敌方单体发动威力110的暗属性魔法攻击，并使对方的DEF降低20%。')]","['Lv25.地狱粉碎Ⅲ', 'Lv40.攻击填充力场', 'Lv55.智能填充力场', 'Lv70.最终治愈', 'Lv90.大海波浪Ⅲ']"
340,奥米加兽NX,,究极体,疫苗,光,1,6,攻击,[],[],"('等级：', 'HP：', 'SP：', 'ATK：', 'DEF：', 'INT：', 'SPD：', '友情：', '才能：', '')","('HP：330', 'SP：30', 'ATK：45', 'INT：40', 'DEF：40', 'SPD：42')","('HP：1700', 'SP：167', 'ATK：187', 'INT：182', 'DEF：182', 'SPD：184')","('NXEDGE STYLE', '受到异常状态机率减少30%。')","[('暴龙剑', '对敌方全体发动威力115的火属性物理攻击。'), ('加鲁鲁加农炮', '对敌方单体发动水属性高威力的INT贯穿攻击。')]","['Lv25.X灵气', 'Lv40.速度填充力场', 'Lv55.状态屏障', 'Lv70.安全守护', 'Lv90.完美复活']"
341,红莲骑士兽NX,公爵兽NX,究极体,病毒,光,1,6,万能,[],[],"('等级：', 'HP：', 'SP：', 'ATK：', 'DEF：', 'INT：', 'SPD：', '友情：', '才能：', '')","('HP：390', 'SP：25', 'ATK：51', 'INT：40', 'DEF：38', 'SPD：37')","('HP：1760', 'SP：162', 'ATK：193', 'INT：182', 'DEF：180', 'SPD：179')","('NXEDGE STYLE', '产生、持续连击的机率，与CRT发生率提升10%。')","[('皇家枪击', '对敌方单体发动威力140的光属性物理攻击，并有50%的机率使自己的DEF提升10%。'), ('极乐净土', '对敌方单体发动威力115的光属性魔法攻击，必定命中，并解除自己被降低的基本状态。')]","['Lv25.加速增幅器', 'Lv40.奈米机械破坏Ⅲ', 'Lv55.雄伟巨石Ⅲ', 'Lv70.新月之叶Ⅲ', 'Lv90.音速空洞Ⅲ']"
